study_accession	sample_accession	field	ena_value	applied_value	method	evidence
PRJEB8667	SAMEA104165229	host		human	curator_escalation	curator escalation
PRJEB8667	SAMEA104165273	host		human	curator_escalation	curator escalation
PRJEB8667	SAMEA104230770	host		human	curator_escalation	curator escalation
PRJEB8667	SAMEA104230775	host		human	curator_escalation	curator escalation
PRJEB8667	SAMEA104351870	host		human	curator_escalation	curator escalation
PRJEB8667	SAMEA104352117	host		human	curator_escalation	curator escalation
PRJEB8667	SAMEA104352131	host		human	curator_escalation	curator escalation
PRJEB8667	SAMEA3322081	host		human	curator_escalation	curator escalation
PRJEB8667	SAMEA3322105	host		human	curator_escalation	curator escalation
PRJEB8667	SAMEA5615740	host		human	curator_escalation	curator escalation
PRJEB8667	SAMEA5615753	host		human	curator_escalation	curator escalation
PRJEB8667	SAMEA5615759	host		human	curator_escalation	curator escalation
PRJEB8667	SAMEA5615760	host		human	curator_escalation	curator escalation
PRJEB8667	SAMEA5615764	host		human	curator_escalation	curator escalation
PRJEB8667	SAMEA5615786	host		human	curator_escalation	curator escalation
PRJEB8667	SAMEA5615789	host		human	curator_escalation	curator escalation
PRJEB8667	SAMEA5615791	host		human	curator_escalation	curator escalation
PRJEB8667	SAMEA5615792	host		human	curator_escalation	curator escalation
PRJEB8667	SAMEA5615793	host		human	curator_escalation	curator escalation
PRJEB8667	SAMEA5616089	host		human	curator_escalation	curator escalation
PRJEB8667	SAMEA5616095	host		human	curator_escalation	curator escalation
PRJEB8667	SAMEA5616102	host		human	curator_escalation	curator escalation
PRJEB8667	SAMEA5616110	host		human	curator_escalation	curator escalation
PRJEB8667	SAMEA5616135	host		human	curator_escalation	curator escalation
PRJEB8667	SAMEA5616200	host		human	curator_escalation	curator escalation
PRJEB8667	SAMEA5616203	host		human	curator_escalation	curator escalation
PRJEB8667	SAMEA5616207	host		human	curator_escalation	curator escalation
PRJEB8667	SAMEA5616213	host		human	curator_escalation	curator escalation
PRJEB8667	SAMEA5616215	host		human	curator_escalation	curator escalation
PRJEB8667	SAMEA5616223	host		human	curator_escalation	curator escalation
PRJEB8667	SAMEA5616231	host		human	curator_escalation	curator escalation
PRJEB8667	SAMEA5616245	host		human	curator_escalation	curator escalation
PRJEB8667	SAMEA5616346	host		human	curator_escalation	curator escalation
PRJEB8667	SAMEA5616396	host		human	curator_escalation	curator escalation
PRJEB8667	SAMEA5616444	host		human	curator_escalation	curator escalation
PRJEB8667	SAMEA5616483	host		human	curator_escalation	curator escalation
PRJEB8667	SAMEA5616506	host		human	curator_escalation	curator escalation
PRJEB8667	SAMEA5734378	host		human	curator_escalation	curator escalation
PRJEB8667	SAMEA5734381	host		human	curator_escalation	curator escalation
PRJEB8667	SAMEA5734384	host		human	curator_escalation	curator escalation
PRJEB8667	SAMEA5734385	host		human	curator_escalation	curator escalation
PRJEB8667	SAMEA5734387	host		human	curator_escalation	curator escalation
PRJEB8667	SAMEA5734388	host		human	curator_escalation	curator escalation
PRJEB8667	SAMEA5734389	host		human	curator_escalation	curator escalation
PRJEB8667	SAMEA5734390	host		human	curator_escalation	curator escalation
PRJEB8667	SAMEA5734392	host		human	curator_escalation	curator escalation
PRJEB8667	SAMEA5734393	host		human	curator_escalation	curator escalation
PRJEB8667	SAMEA5734394	host		human	curator_escalation	curator escalation
PRJEB8667	SAMEA5734395	host		human	curator_escalation	curator escalation
PRJEB8667	SAMEA5734396	host		human	curator_escalation	curator escalation
PRJEB8667	SAMEA5734397	host		human	curator_escalation	curator escalation
PRJEB8667	SAMEA5734398	host		human	curator_escalation	curator escalation
PRJEB8667	SAMEA5734399	host		human	curator_escalation	curator escalation
PRJEB8667	SAMEA5734402	host		human	curator_escalation	curator escalation
PRJEB8667	SAMEA5734429	host		human	curator_escalation	curator escalation
PRJEB8667	SAMEA5734437	host		human	curator_escalation	curator escalation
PRJEB8667	SAMEA5734452	host		human	curator_escalation	curator escalation
PRJEB8667	SAMEA5734474	host		human	curator_escalation	curator escalation
PRJEB8667	SAMEA5734502	host		human	curator_escalation	curator escalation
PRJEB8667	SAMEA5734512	host		human	curator_escalation	curator escalation
PRJEB8667	SAMEA5734515	host		human	curator_escalation	curator escalation
PRJEB8667	SAMEA5734526	host		human	curator_escalation	curator escalation
PRJEB8667	SAMEA5734536	host		human	curator_escalation	curator escalation
PRJEB8667	SAMEA5734541	host		human	curator_escalation	curator escalation
PRJEB8667	SAMEA5734542	host		human	curator_escalation	curator escalation
PRJEB8667	SAMEA5734543	host		human	curator_escalation	curator escalation
PRJEB8667	SAMEA5734547	host		human	curator_escalation	curator escalation
PRJEB8667	SAMEA5734548	host		human	curator_escalation	curator escalation
PRJEB8667	SAMEA5734549	host		human	curator_escalation	curator escalation
PRJEB8667	SAMEA6102263	host		human	curator_escalation	curator escalation
PRJEB8667	SAMEA6102273	host		human	curator_escalation	curator escalation
PRJEB8667	SAMEA6102276	host		human	curator_escalation	curator escalation
PRJEB8667	SAMEA6102309	host		human	curator_escalation	curator escalation
PRJEB8667	SAMEA6102332	host		human	curator_escalation	curator escalation
PRJEB8667	SAMEA6102333	host		human	curator_escalation	curator escalation
PRJEB8667	SAMEA6102357	host		human	curator_escalation	curator escalation
PRJEB8667	SAMEA6102381	host		human	curator_escalation	curator escalation
PRJEB8667	SAMEA6102386	host		human	curator_escalation	curator escalation
PRJEB8667	SAMEA6102520	host		human	curator_escalation	curator escalation
PRJEB8667	SAMEA7456832	host		human	curator_escalation	curator escalation
PRJEB8667	SAMEA7456833	host		human	curator_escalation	curator escalation
PRJEB8667	SAMEA7456835	host		human	curator_escalation	curator escalation
PRJEB8667	SAMEA7456849	host		human	curator_escalation	curator escalation
PRJEB8667	SAMEA7456863	host		human	curator_escalation	curator escalation
PRJEB8667	SAMEA7456868	host		human	curator_escalation	curator escalation
PRJEB8667	SAMEA7456920	host		human	curator_escalation	curator escalation
PRJEB8667	SAMEA7457012	host		human	curator_escalation	curator escalation
PRJEB8667	SAMEA7457023	host		human	curator_escalation	curator escalation
PRJEB8667	SAMEA7457036	host		human	curator_escalation	curator escalation
PRJEB8667	SAMEA7457066	host		human	curator_escalation	curator escalation
PRJEB8667	SAMEA7457068	host		human	curator_escalation	curator escalation
PRJEB8667	SAMEA7457082	host		human	curator_escalation	curator escalation
PRJEB8667	SAMEA7457114	host		human	curator_escalation	curator escalation
PRJEB8667	SAMEA7457124	host		human	curator_escalation	curator escalation
PRJEB8667	SAMEA7457141	host		human	curator_escalation	curator escalation
PRJEB8667	SAMEA7457145	host		human	curator_escalation	curator escalation
PRJEB8667	SAMEA7457146	host		human	curator_escalation	curator escalation
PRJEB8667	SAMEA7457168	host		human	curator_escalation	curator escalation
PRJEB8667	SAMEA7457189	host		human	curator_escalation	curator escalation
PRJEB8667	SAMEA7457210	host		human	curator_escalation	curator escalation
PRJEB8667	SAMEA7457212	host		human	curator_escalation	curator escalation
PRJEB8667	SAMEA7457214	host		human	curator_escalation	curator escalation
PRJEB8667	SAMEA7608641	host		human	curator_escalation	curator escalation
PRJEB8667	SAMEA7608666	host		human	curator_escalation	curator escalation
PRJEB8667	SAMEA7608687	host		human	curator_escalation	curator escalation
PRJEB8667	SAMEA7608688	host		human	curator_escalation	curator escalation
PRJEB8667	SAMEA7608746	host		human	curator_escalation	curator escalation
PRJEB8667	SAMEA7608838	host		human	curator_escalation	curator escalation
PRJEB8667	SAMEA7608893	host		human	curator_escalation	curator escalation
PRJEB8667	SAMEA7608915	host		human	curator_escalation	curator escalation
PRJEB8667	SAMEA7608938	host		human	curator_escalation	curator escalation
PRJEB8667	SAMEA7608958	host		human	curator_escalation	curator escalation
PRJEB8667	SAMEA7608975	host		human	curator_escalation	curator escalation
PRJEB8667	SAMEA7609001	host		human	curator_escalation	curator escalation
PRJEB8667	SAMEA7609071	host		human	curator_escalation	curator escalation
PRJEB8667	SAMEA7609073	host		human	curator_escalation	curator escalation
PRJEB8667	SAMEA7609075	host		human	curator_escalation	curator escalation
PRJEB8667	SAMEA7609078	host		human	curator_escalation	curator escalation
PRJEB8667	SAMEA7609123	host		human	curator_escalation	curator escalation
PRJEB8667	SAMEA7609171	host		human	curator_escalation	curator escalation
PRJEB8667	SAMEA7609174	host		human	curator_escalation	curator escalation
PRJEB8667	SAMEA7609185	host		human	curator_escalation	curator escalation
PRJEB8667	SAMEA7609223	host		human	curator_escalation	curator escalation
PRJEB8667	SAMEA7609224	host		human	curator_escalation	curator escalation
PRJEB8667	SAMEA7609231	host		human	curator_escalation	curator escalation
PRJEB8667	SAMEA7609265	host		human	curator_escalation	curator escalation
PRJEB8667	SAMEA7609281	host		human	curator_escalation	curator escalation
PRJEB8667	SAMEA7609304	host		human	curator_escalation	curator escalation
PRJEB8667	SAMEA7609371	host		human	curator_escalation	curator escalation
PRJEB8667	SAMEA7609374	host		human	curator_escalation	curator escalation
PRJEB8667	SAMEA7609376	host		human	curator_escalation	curator escalation
PRJEB8667	SAMEA7609379	host		human	curator_escalation	curator escalation
PRJEB8667	SAMEA7609455	host		human	curator_escalation	curator escalation
PRJEB8667	SAMEA7609526	host		human	curator_escalation	curator escalation
PRJEB8667	SAMEA7609560	host		human	curator_escalation	curator escalation
PRJEB8667	SAMEA7609568	host		human	curator_escalation	curator escalation
PRJEB8667	SAMEA7609569	host		human	curator_escalation	curator escalation
PRJEB8667	SAMEA7609579	host		human	curator_escalation	curator escalation
PRJEB8667	SAMEA7609581	host		human	curator_escalation	curator escalation
PRJEB8667	SAMEA7609588	host		human	curator_escalation	curator escalation
PRJEB8667	SAMEA7609590	host		human	curator_escalation	curator escalation
PRJEB8667	SAMEA7609595	host		human	curator_escalation	curator escalation
PRJEB8667	SAMEA7609615	host		human	curator_escalation	curator escalation
PRJEB8667	SAMEA7609622	host		human	curator_escalation	curator escalation
PRJEB8667	SAMEA7609631	host		human	curator_escalation	curator escalation
PRJEB8667	SAMEA7609638	host		human	curator_escalation	curator escalation
PRJEB8667	SAMEA9333663	host		human	curator_escalation	curator escalation
PRJEB8667	SAMEA9333667	host		human	curator_escalation	curator escalation
PRJEB8667	SAMEA9333749	host		human	curator_escalation	curator escalation
PRJEB8667	SAMEA9333841	host		human	curator_escalation	curator escalation
PRJEB8667	SAMEA9333846	host		human	curator_escalation	curator escalation
PRJEB8667	SAMEA9333888	host		human	curator_escalation	curator escalation
PRJEB8667	SAMEA9334070	host		human	curator_escalation	curator escalation
PRJEB8667	SAMEA9334263	host		human	curator_escalation	curator escalation
PRJEB8667	SAMEA9334294	host		human	curator_escalation	curator escalation
PRJEB8667	SAMEA9334344	host		human	curator_escalation	curator escalation
PRJEB8667	SAMEA9334350	host		human	curator_escalation	curator escalation
PRJEB8667	SAMEA9334351	host		human	curator_escalation	curator escalation
PRJEB8667	SAMEA9334355	host		human	curator_escalation	curator escalation
PRJEB8667	SAMEA9334379	host		human	curator_escalation	curator escalation
PRJEB8667	SAMEA9334418	host		human	curator_escalation	curator escalation
PRJEB8667	SAMEA9334491	host		human	curator_escalation	curator escalation
PRJEB8667	SAMEA9334506	host		human	curator_escalation	curator escalation
PRJEB8667	SAMEA9334508	host		human	curator_escalation	curator escalation
PRJEB8667	SAMEA9334510	host		human	curator_escalation	curator escalation
PRJEB8667	SAMEA9334512	host		human	curator_escalation	curator escalation
PRJEB8667	SAMEA9334514	host		human	curator_escalation	curator escalation
PRJEB8667	SAMEA9334517	host		human	curator_escalation	curator escalation
PRJEB8667	SAMEA9334619	host		human	curator_escalation	curator escalation
PRJEB8667	SAMEA9334699	host		human	curator_escalation	curator escalation
PRJEB8667	SAMEA9334721	host		human	curator_escalation	curator escalation
PRJEB8667	SAMEA9334733	host		human	curator_escalation	curator escalation
PRJEB8667	SAMEA9334741	host		human	curator_escalation	curator escalation
PRJEB8667	SAMEA9334744	host		human	curator_escalation	curator escalation
PRJEB8667	SAMEA9334745	host		human	curator_escalation	curator escalation
PRJEB8667	SAMEA9334767	host		human	curator_escalation	curator escalation
PRJEB8667	SAMEA9334769	host		human	curator_escalation	curator escalation
PRJEB8667	SAMEA9334787	host		human	curator_escalation	curator escalation
PRJEB8667	SAMEA9334804	host		human	curator_escalation	curator escalation
PRJEB8667	SAMEA9334809	host		human	curator_escalation	curator escalation
PRJEB8667	SAMEA9334842	host		human	curator_escalation	curator escalation
PRJEB8667	SAMEA9334843	host		human	curator_escalation	curator escalation
PRJEB8667	SAMEA9334916	host		human	curator_escalation	curator escalation
PRJEB8667	SAMEA9403871	host		human	curator_escalation	curator escalation
