study_accession	field	fold	none_found	chosen_pmcid	fulltext_source	is_full_text	paper_resolved	paper_url	paper_title	manual_pdf_present	manual_pdf_readable	supp_present	gate_status	n_blank	per_sample_method	zero_reason	n_whole_field	n_per_sample	n_escalation	remaining_est	escalation_status	resolution_state	recoverability
PRJDB12116	host	train	False	PMC11571079	europepmc_fulltext	True	True	https://doi.org/10.1099/mgen.0.001295	Evaluation of <i>Klebsiella pneumoniae</i> pathogenicity thr	False	False	False	not_gated	0	direct		0	0	0	0	none	FILLED	not_gated
PRJDB12116	country	train	False	PMC11571079	europepmc_fulltext	True	True	https://doi.org/10.1099/mgen.0.001295	Evaluation of <i>Klebsiella pneumoniae</i> pathogenicity thr	False	False	False	not_gated	0	direct		0	0	0	0	none	FILLED	not_gated
PRJDB12116	collection_date	train	False	PMC11571079	europepmc_fulltext	True	True	https://doi.org/10.1099/mgen.0.001295	Evaluation of <i>Klebsiella pneumoniae</i> pathogenicity thr	False	False	False	not_gated	0	direct		0	0	0	0	none	FILLED	not_gated
PRJDB12116	isolation_source	train	False	PMC11571079	europepmc_fulltext	True	True	https://doi.org/10.1099/mgen.0.001295	Evaluation of <i>Klebsiella pneumoniae</i> pathogenicity thr	False	False	False	covered	154	direct		0	54	0	100	none	FILLED	whole_field
PRJDB14656	host	train	False	PMC11571079	europepmc_fulltext	True	True	https://doi.org/10.1099/mgen.0.001295	Evaluation of <i>Klebsiella pneumoniae</i> pathogenicity thr	False	False	False	not_gated	0			0	0	0	0	none	FILLED	not_gated
PRJDB14656	country	train	False	PMC11571079	europepmc_fulltext	True	True	https://doi.org/10.1099/mgen.0.001295	Evaluation of <i>Klebsiella pneumoniae</i> pathogenicity thr	False	False	False	not_gated	0			0	0	0	0	none	FILLED	not_gated
PRJDB14656	collection_date	train	False	PMC11571079	europepmc_fulltext	True	True	https://doi.org/10.1099/mgen.0.001295	Evaluation of <i>Klebsiella pneumoniae</i> pathogenicity thr	False	False	False	not_gated	0			0	0	0	0	none	FILLED	not_gated
PRJDB14656	isolation_source	train	False	PMC11571079	europepmc_fulltext	True	True	https://doi.org/10.1099/mgen.0.001295	Evaluation of <i>Klebsiella pneumoniae</i> pathogenicity thr	False	False	False	not_gated	0			0	0	0	0	none	FILLED	not_gated
PRJDB17849	host	train	False	PMC11571079	europepmc_fulltext	True	True	https://doi.org/10.1099/mgen.0.001295	Evaluation of <i>Klebsiella pneumoniae</i> pathogenicity thr	False	False	False	not_gated	0			0	0	0	0	none	FILLED	not_gated
PRJDB17849	country	train	False	PMC11571079	europepmc_fulltext	True	True	https://doi.org/10.1099/mgen.0.001295	Evaluation of <i>Klebsiella pneumoniae</i> pathogenicity thr	False	False	False	not_gated	0			0	0	0	0	none	FILLED	not_gated
PRJDB17849	collection_date	train	False	PMC11571079	europepmc_fulltext	True	True	https://doi.org/10.1099/mgen.0.001295	Evaluation of <i>Klebsiella pneumoniae</i> pathogenicity thr	False	False	False	not_gated	0			0	0	0	0	none	FILLED	not_gated
PRJDB17849	isolation_source	train	False	PMC11571079	europepmc_fulltext	True	True	https://doi.org/10.1099/mgen.0.001295	Evaluation of <i>Klebsiella pneumoniae</i> pathogenicity thr	False	False	False	not_gated	0			0	0	0	0	none	FILLED	not_gated
PRJDB5929	host	train	True		europepmc_fulltext	True	True			False	False	False	not_gated	0	NO_PMCID		0	0	0	0	none	FILLED	not_gated
PRJDB5929	country	train	True		europepmc_fulltext	True	True			False	False	False	not_gated	0	NO_PMCID		0	0	0	0	none	FILLED	not_gated
PRJDB5929	collection_date	train	True		europepmc_fulltext	True	True			False	False	False	not_gated	0	NO_PMCID		0	0	0	0	none	FILLED	not_gated
PRJDB5929	isolation_source	train	True		europepmc_fulltext	True	True			False	False	False	residual_per_sample	631	NO_PMCID	NO_PMCID	0	0	0	631	none	EXHAUSTED	NO_PMCID
PRJEB12699	host	train	True		none	False	False			False	False	False	covered	141	NO_PMCID		141	0	0	141	none	FILLED	whole_field
PRJEB12699	country	train	True		none	False	False			False	False	False	covered	141	NO_PMCID		141	0	0	141	none	FILLED	whole_field
PRJEB12699	collection_date	train	True		none	False	False			False	False	False	residual_per_sample	141	NO_PMCID		0	0	141	0	applied	FILLED	per_sample_or_escalation
PRJEB12699	isolation_source	train	True		none	False	False			False	False	False	residual_per_sample	141	NO_PMCID	NO_PMCID	0	0	0	141	none	EXHAUSTED	no_paper_findable
PRJEB1800	host	train	False	PMC4364942	europepmc_fulltext	True	True	https://doi.org/10.15252/emmm.201404767	A high-resolution genomic analysis of multidrug-resistant ho	False	False	False	covered	31	abstained		31	0	0	31	none	FILLED	whole_field
PRJEB1800	country	train	False	PMC4364942	europepmc_fulltext	True	True	https://doi.org/10.15252/emmm.201404767	A high-resolution genomic analysis of multidrug-resistant ho	False	False	False	covered	31	abstained		31	0	0	31	none	FILLED	whole_field
PRJEB1800	collection_date	train	False	PMC4364942	europepmc_fulltext	True	True	https://doi.org/10.15252/emmm.201404767	A high-resolution genomic analysis of multidrug-resistant ho	False	False	False	covered	31	abstained		31	0	0	31	none	FILLED	whole_field
PRJEB1800	isolation_source	train	False	PMC4364942	europepmc_fulltext	True	True	https://doi.org/10.15252/emmm.201404767	A high-resolution genomic analysis of multidrug-resistant ho	False	False	False	residual_per_sample	31	abstained	no_supp	0	0	0	31	none	EXHAUSTED	no_supp
PRJEB19229	host	train	False	PMC10132065	europepmc_fulltext	True	True	https://doi.org/10.1099/mgen.0.000924	Dissemination of carbapenemase-producing <i>Enterobacterales	False	False	False	not_gated	0			0	0	0	0	none	FILLED	not_gated
PRJEB19229	country	train	False	PMC10132065	europepmc_fulltext	True	True	https://doi.org/10.1099/mgen.0.000924	Dissemination of carbapenemase-producing <i>Enterobacterales	False	False	False	not_gated	0			0	0	0	0	none	FILLED	not_gated
PRJEB19229	collection_date	train	False	PMC10132065	europepmc_fulltext	True	True	https://doi.org/10.1099/mgen.0.000924	Dissemination of carbapenemase-producing <i>Enterobacterales	False	False	False	not_gated	0			0	0	0	0	none	FILLED	not_gated
PRJEB19229	isolation_source	train	False	PMC10132065	europepmc_fulltext	True	True	https://doi.org/10.1099/mgen.0.000924	Dissemination of carbapenemase-producing <i>Enterobacterales	False	False	False	not_gated	0			0	0	0	0	none	FILLED	not_gated
PRJEB19322	host	train	False	PMC8743538	local_pdf	True	True	https://doi.org/10.1099/mgen.0.000703	Genomic investigation of a suspected &lt;i&gt;Klebsiella pne	True	True	False	covered	91	abstained		91	0	0	91	none	FILLED	whole_field
PRJEB19322	country	train	False	PMC8743538	local_pdf	True	True	https://doi.org/10.1099/mgen.0.000703	Genomic investigation of a suspected &lt;i&gt;Klebsiella pne	True	True	False	covered	91	abstained		91	0	0	91	none	FILLED	whole_field
PRJEB19322	collection_date	train	False	PMC8743538	local_pdf	True	True	https://doi.org/10.1099/mgen.0.000703	Genomic investigation of a suspected &lt;i&gt;Klebsiella pne	True	True	False	residual_per_sample	91	abstained	no_supp	0	0	0	91	none	EXHAUSTED	paper_has_no_table
PRJEB19322	isolation_source	train	False	PMC8743538	local_pdf	True	True	https://doi.org/10.1099/mgen.0.000703	Genomic investigation of a suspected &lt;i&gt;Klebsiella pne	True	True	False	covered	91	abstained		91	0	0	91	none	FILLED	whole_field
PRJEB19435	host	train	False	PMC10132065	europepmc_fulltext	True	True	https://doi.org/10.1099/mgen.0.000924	Dissemination of carbapenemase-producing <i>Enterobacterales	False	False	False	not_gated	0			0	0	0	0	none	FILLED	not_gated
PRJEB19435	country	train	False	PMC10132065	europepmc_fulltext	True	True	https://doi.org/10.1099/mgen.0.000924	Dissemination of carbapenemase-producing <i>Enterobacterales	False	False	False	not_gated	0			0	0	0	0	none	FILLED	not_gated
PRJEB19435	collection_date	train	False	PMC10132065	europepmc_fulltext	True	True	https://doi.org/10.1099/mgen.0.000924	Dissemination of carbapenemase-producing <i>Enterobacterales	False	False	False	not_gated	0			0	0	0	0	none	FILLED	not_gated
PRJEB19435	isolation_source	train	False	PMC10132065	europepmc_fulltext	True	True	https://doi.org/10.1099/mgen.0.000924	Dissemination of carbapenemase-producing <i>Enterobacterales	False	False	False	not_gated	0			0	0	0	0	none	FILLED	not_gated
PRJEB20799	host	train	True		local_pdf	True	True			True	True	False	residual_per_sample	46	NO_PMCID	NO_PMCID	0	0	0	46	none	EXHAUSTED	NO_PMCID
PRJEB20799	country	train	True		local_pdf	True	True			True	True	False	covered	46	NO_PMCID		46	0	0	46	none	FILLED	whole_field
PRJEB20799	collection_date	train	True		local_pdf	True	True			True	True	False	covered	46	NO_PMCID		46	0	0	46	none	FILLED	whole_field
PRJEB20799	isolation_source	train	True		local_pdf	True	True			True	True	False	residual_per_sample	46	NO_PMCID	NO_PMCID	0	0	0	46	none	EXHAUSTED	NO_PMCID
PRJEB21277	host	train	True		local_pdf	True	True			True	True	False	residual_per_sample	194	NO_PMCID	NO_PMCID	0	0	0	194	none	EXHAUSTED	NO_PMCID
PRJEB21277	country	train	True		local_pdf	True	True			True	True	False	covered	194	NO_PMCID		194	0	0	194	none	FILLED	whole_field
PRJEB21277	collection_date	train	True		local_pdf	True	True			True	True	False	residual_per_sample	194	NO_PMCID	NO_PMCID	0	0	0	194	none	EXHAUSTED	NO_PMCID
PRJEB21277	isolation_source	train	True		local_pdf	True	True			True	True	False	residual_per_sample	194	NO_PMCID	NO_PMCID	0	0	0	194	none	EXHAUSTED	NO_PMCID
PRJEB21605	host	train	False	PMC6966826	europepmc_fulltext	True	True	https://doi.org/10.1186/s13073-019-0706-y	Genomic surveillance for hypervirulence and multi-drug resis	False	False	False	covered	149	direct		149	0	0	149	none	FILLED	whole_field
PRJEB21605	country	train	False	PMC6966826	europepmc_fulltext	True	True	https://doi.org/10.1186/s13073-019-0706-y	Genomic surveillance for hypervirulence and multi-drug resis	False	False	False	covered	149	direct		0	148	0	1	none	FILLED	whole_field
PRJEB21605	collection_date	train	False	PMC6966826	europepmc_fulltext	True	True	https://doi.org/10.1186/s13073-019-0706-y	Genomic surveillance for hypervirulence and multi-drug resis	False	False	False	covered	149	direct		0	148	0	1	none	FILLED	whole_field
PRJEB21605	isolation_source	train	False	PMC6966826	europepmc_fulltext	True	True	https://doi.org/10.1186/s13073-019-0706-y	Genomic surveillance for hypervirulence and multi-drug resis	False	False	False	covered	149	direct		149	0	0	149	none	FILLED	whole_field
PRJEB22252	host	train	False	PMC6894937	local_pdf	True	True	https://doi.org/10.1038/s41586-019-1560-1	Stunted microbiota and opportunistic pathogen colonization i	True	True	False	not_gated	0			0	0	0	0	none	FILLED	not_gated
PRJEB22252	country	train	False	PMC6894937	local_pdf	True	True	https://doi.org/10.1038/s41586-019-1560-1	Stunted microbiota and opportunistic pathogen colonization i	True	True	False	not_gated	0			0	0	0	0	none	FILLED	not_gated
PRJEB22252	collection_date	train	False	PMC6894937	local_pdf	True	True	https://doi.org/10.1038/s41586-019-1560-1	Stunted microbiota and opportunistic pathogen colonization i	True	True	False	not_gated	0			0	0	0	0	none	FILLED	not_gated
PRJEB22252	isolation_source	train	False	PMC6894937	local_pdf	True	True	https://doi.org/10.1038/s41586-019-1560-1	Stunted microbiota and opportunistic pathogen colonization i	True	True	False	not_gated	0			0	0	0	0	none	FILLED	not_gated
PRJEB22264	host	train	False	PMC10132065	europepmc_fulltext	True	True	https://doi.org/10.1099/mgen.0.000924	Dissemination of carbapenemase-producing <i>Enterobacterales	False	False	False	not_gated	0			0	0	0	0	none	FILLED	not_gated
PRJEB22264	country	train	False	PMC10132065	europepmc_fulltext	True	True	https://doi.org/10.1099/mgen.0.000924	Dissemination of carbapenemase-producing <i>Enterobacterales	False	False	False	not_gated	0			0	0	0	0	none	FILLED	not_gated
PRJEB22264	collection_date	train	False	PMC10132065	europepmc_fulltext	True	True	https://doi.org/10.1099/mgen.0.000924	Dissemination of carbapenemase-producing <i>Enterobacterales	False	False	False	not_gated	0			0	0	0	0	none	FILLED	not_gated
PRJEB22264	isolation_source	train	False	PMC10132065	europepmc_fulltext	True	True	https://doi.org/10.1099/mgen.0.000924	Dissemination of carbapenemase-producing <i>Enterobacterales	False	False	False	not_gated	0			0	0	0	0	none	FILLED	not_gated
PRJEB22890	host	train	True		local_pdf	True	True			True	True	False	not_gated	0	NO_PMCID		0	0	0	0	none	FILLED	not_gated
PRJEB22890	country	train	True		local_pdf	True	True			True	True	False	not_gated	0	NO_PMCID		0	0	0	0	none	FILLED	not_gated
PRJEB22890	collection_date	train	True		local_pdf	True	True			True	True	False	not_gated	0	NO_PMCID		0	0	0	0	none	FILLED	not_gated
PRJEB22890	isolation_source	train	True		local_pdf	True	True			True	True	False	residual_per_sample	157	NO_PMCID		0	0	157	0	applied	FILLED	per_sample_or_escalation
PRJEB22903	host	train	True		none	False	False			False	False	False	residual_per_sample	261	NO_PMCID		0	0	261	0	applied	FILLED	per_sample_or_escalation
PRJEB22903	country	train	True		none	False	False			False	False	False	residual_per_sample	261	NO_PMCID	NO_PMCID	0	0	0	261	none	EXHAUSTED	no_paper_findable
PRJEB22903	collection_date	train	True		none	False	False			False	False	False	not_gated	0	NO_PMCID		0	0	0	0	none	FILLED	not_gated
PRJEB22903	isolation_source	train	True		none	False	False			False	False	False	residual_per_sample	261	NO_PMCID	NO_PMCID	0	0	0	261	none	EXHAUSTED	no_paper_findable
PRJEB24082	host	train	False	PMC10132065	europepmc_fulltext	True	True	https://doi.org/10.1099/mgen.0.000924	Dissemination of carbapenemase-producing <i>Enterobacterales	False	False	False	residual_per_sample	200	abstained	no_supp	0	0	0	200	none	ACTIONABLE	fetch_supp_table
PRJEB24082	country	train	False	PMC10132065	europepmc_fulltext	True	True	https://doi.org/10.1099/mgen.0.000924	Dissemination of carbapenemase-producing <i>Enterobacterales	False	False	False	covered	200	abstained		200	0	0	200	none	FILLED	whole_field
PRJEB24082	collection_date	train	False	PMC10132065	europepmc_fulltext	True	True	https://doi.org/10.1099/mgen.0.000924	Dissemination of carbapenemase-producing <i>Enterobacterales	False	False	False	residual_per_sample	200	abstained	no_supp	0	0	0	200	none	ACTIONABLE	fetch_supp_table
PRJEB24082	isolation_source	train	False	PMC10132065	europepmc_fulltext	True	True	https://doi.org/10.1099/mgen.0.000924	Dissemination of carbapenemase-producing <i>Enterobacterales	False	False	False	residual_per_sample	200	abstained	no_supp	0	0	0	200	none	ACTIONABLE	fetch_supp_table
PRJEB24083	host	train	False	PMC10132065	europepmc_fulltext	True	True	https://doi.org/10.1099/mgen.0.000924	Dissemination of carbapenemase-producing <i>Enterobacterales	False	False	False	residual_per_sample	5	abstained	no_supp	0	0	0	5	none	EXHAUSTED	no_supp
PRJEB24083	country	train	False	PMC10132065	europepmc_fulltext	True	True	https://doi.org/10.1099/mgen.0.000924	Dissemination of carbapenemase-producing <i>Enterobacterales	False	False	False	residual_per_sample	5	abstained	no_supp	0	0	0	5	none	EXHAUSTED	no_supp
PRJEB24083	collection_date	train	False	PMC10132065	europepmc_fulltext	True	True	https://doi.org/10.1099/mgen.0.000924	Dissemination of carbapenemase-producing <i>Enterobacterales	False	False	False	residual_per_sample	5	abstained	no_supp	0	0	0	5	none	EXHAUSTED	no_supp
PRJEB24083	isolation_source	train	False	PMC10132065	europepmc_fulltext	True	True	https://doi.org/10.1099/mgen.0.000924	Dissemination of carbapenemase-producing <i>Enterobacterales	False	False	False	residual_per_sample	5	abstained	no_supp	0	0	0	5	none	EXHAUSTED	no_supp
PRJEB24084	host	train	False	PMC10132065	europepmc_fulltext	True	True	https://doi.org/10.1099/mgen.0.000924	Dissemination of carbapenemase-producing <i>Enterobacterales	False	False	False	covered	3	abstained		3	0	0	3	none	FILLED	whole_field
PRJEB24084	country	train	False	PMC10132065	europepmc_fulltext	True	True	https://doi.org/10.1099/mgen.0.000924	Dissemination of carbapenemase-producing <i>Enterobacterales	False	False	False	covered	3	abstained		3	0	0	3	none	FILLED	whole_field
PRJEB24084	collection_date	train	False	PMC10132065	europepmc_fulltext	True	True	https://doi.org/10.1099/mgen.0.000924	Dissemination of carbapenemase-producing <i>Enterobacterales	False	False	False	residual_per_sample	3	abstained	no_supp	0	0	0	3	none	EXHAUSTED	no_supp
PRJEB24084	isolation_source	train	False	PMC10132065	europepmc_fulltext	True	True	https://doi.org/10.1099/mgen.0.000924	Dissemination of carbapenemase-producing <i>Enterobacterales	False	False	False	residual_per_sample	3	abstained	no_supp	0	0	0	3	none	EXHAUSTED	no_supp
PRJEB24085	host	train	False	PMC10132065	europepmc_fulltext	True	True	https://doi.org/10.1099/mgen.0.000924	Dissemination of carbapenemase-producing <i>Enterobacterales	False	False	False	covered	104	abstained		104	0	0	104	none	FILLED	whole_field
PRJEB24085	country	train	False	PMC10132065	europepmc_fulltext	True	True	https://doi.org/10.1099/mgen.0.000924	Dissemination of carbapenemase-producing <i>Enterobacterales	False	False	False	covered	104	abstained		104	0	0	104	none	FILLED	whole_field
PRJEB24085	collection_date	train	False	PMC10132065	europepmc_fulltext	True	True	https://doi.org/10.1099/mgen.0.000924	Dissemination of carbapenemase-producing <i>Enterobacterales	False	False	False	residual_per_sample	104	abstained	no_supp	0	0	0	104	none	ACTIONABLE	fetch_supp_table
PRJEB24085	isolation_source	train	False	PMC10132065	europepmc_fulltext	True	True	https://doi.org/10.1099/mgen.0.000924	Dissemination of carbapenemase-producing <i>Enterobacterales	False	False	False	residual_per_sample	104	abstained	no_supp	0	0	0	104	none	ACTIONABLE	fetch_supp_table
PRJEB24086	host	train	False	PMC10132065	europepmc_fulltext	True	True	https://doi.org/10.1099/mgen.0.000924	Dissemination of carbapenemase-producing <i>Enterobacterales	False	False	False	covered	3	abstained		3	0	0	3	none	FILLED	whole_field
PRJEB24086	country	train	False	PMC10132065	europepmc_fulltext	True	True	https://doi.org/10.1099/mgen.0.000924	Dissemination of carbapenemase-producing <i>Enterobacterales	False	False	False	covered	3	abstained		3	0	0	3	none	FILLED	whole_field
PRJEB24086	collection_date	train	False	PMC10132065	europepmc_fulltext	True	True	https://doi.org/10.1099/mgen.0.000924	Dissemination of carbapenemase-producing <i>Enterobacterales	False	False	False	residual_per_sample	3	abstained	no_supp	0	0	0	3	none	EXHAUSTED	no_supp
PRJEB24086	isolation_source	train	False	PMC10132065	europepmc_fulltext	True	True	https://doi.org/10.1099/mgen.0.000924	Dissemination of carbapenemase-producing <i>Enterobacterales	False	False	False	residual_per_sample	3	abstained	no_supp	0	0	0	3	none	EXHAUSTED	no_supp
PRJEB24087	host	train	False	PMC10132065	europepmc_fulltext	True	True	https://doi.org/10.1099/mgen.0.000924	Dissemination of carbapenemase-producing <i>Enterobacterales	False	False	False	covered	4	abstained		4	0	0	4	none	FILLED	whole_field
PRJEB24087	country	train	False	PMC10132065	europepmc_fulltext	True	True	https://doi.org/10.1099/mgen.0.000924	Dissemination of carbapenemase-producing <i>Enterobacterales	False	False	False	covered	4	abstained		4	0	0	4	none	FILLED	whole_field
PRJEB24087	collection_date	train	False	PMC10132065	europepmc_fulltext	True	True	https://doi.org/10.1099/mgen.0.000924	Dissemination of carbapenemase-producing <i>Enterobacterales	False	False	False	residual_per_sample	4	abstained	no_supp	0	0	0	4	none	EXHAUSTED	no_supp
PRJEB24087	isolation_source	train	False	PMC10132065	europepmc_fulltext	True	True	https://doi.org/10.1099/mgen.0.000924	Dissemination of carbapenemase-producing <i>Enterobacterales	False	False	False	residual_per_sample	4	abstained	no_supp	0	0	0	4	none	EXHAUSTED	no_supp
PRJEB24970	host	train	False	PMC6977969	europepmc_fulltext	True	True	https://doi.org/10.7554/elife.50468	Transmission dynamics and control of multidrug-resistant &lt	False	False	False	not_gated	0			0	0	0	0	none	FILLED	not_gated
PRJEB24970	country	train	False	PMC6977969	europepmc_fulltext	True	True	https://doi.org/10.7554/elife.50468	Transmission dynamics and control of multidrug-resistant &lt	False	False	False	not_gated	0			0	0	0	0	none	FILLED	not_gated
PRJEB24970	collection_date	train	False	PMC6977969	europepmc_fulltext	True	True	https://doi.org/10.7554/elife.50468	Transmission dynamics and control of multidrug-resistant &lt	False	False	False	not_gated	0			0	0	0	0	none	FILLED	not_gated
PRJEB24970	isolation_source	train	False	PMC6977969	europepmc_fulltext	True	True	https://doi.org/10.7554/elife.50468	Transmission dynamics and control of multidrug-resistant &lt	False	False	False	not_gated	0			0	0	0	0	none	FILLED	not_gated
PRJEB27256	host	train	False	PMC8865009	local_pdf	True	True	https://doi.org/10.1093/jac/dkab463	A nationwide genomic study of clinical Klebsiella pneumoniae	True	True	False	covered	959	abstained		959	0	0	959	none	FILLED	whole_field
PRJEB27256	country	train	False	PMC8865009	local_pdf	True	True	https://doi.org/10.1093/jac/dkab463	A nationwide genomic study of clinical Klebsiella pneumoniae	True	True	False	not_gated	0	abstained		0	0	0	0	none	FILLED	not_gated
PRJEB27256	collection_date	train	False	PMC8865009	local_pdf	True	True	https://doi.org/10.1093/jac/dkab463	A nationwide genomic study of clinical Klebsiella pneumoniae	True	True	False	not_gated	0	abstained		0	0	0	0	none	FILLED	not_gated
PRJEB27256	isolation_source	train	False	PMC8865009	local_pdf	True	True	https://doi.org/10.1093/jac/dkab463	A nationwide genomic study of clinical Klebsiella pneumoniae	True	True	False	not_gated	0	abstained		0	0	0	0	none	FILLED	not_gated
PRJEB28054	host	train	True		none	False	False			False	False	False	covered	326	NO_PMCID		326	0	0	326	none	FILLED	whole_field
PRJEB28054	country	train	True		none	False	False			False	False	False	residual_per_sample	326	NO_PMCID	NO_PMCID	0	0	0	326	none	EXHAUSTED	no_paper_findable
PRJEB28054	collection_date	train	True		none	False	False			False	False	False	residual_per_sample	326	NO_PMCID	NO_PMCID	0	0	0	326	none	EXHAUSTED	no_paper_findable
PRJEB28054	isolation_source	train	True		none	False	False			False	False	False	residual_per_sample	326	NO_PMCID	NO_PMCID	0	0	0	326	none	EXHAUSTED	no_paper_findable
PRJEB28400	host	train	True		local_pdf	True	True			True	True	False	residual_per_sample	827	NO_PMCID	NO_PMCID	0	0	0	827	none	EXHAUSTED	NO_PMCID
PRJEB28400	country	train	True		local_pdf	True	True			True	True	False	covered	827	NO_PMCID		827	0	0	827	none	FILLED	whole_field
PRJEB28400	collection_date	train	True		local_pdf	True	True			True	True	False	covered	827	NO_PMCID		827	0	0	827	none	FILLED	whole_field
PRJEB28400	isolation_source	train	True		local_pdf	True	True			True	True	False	residual_per_sample	827	NO_PMCID	NO_PMCID	0	0	0	827	none	EXHAUSTED	NO_PMCID
PRJEB29143	host	train	False	PMC7527070	local_pdf	True	True	https://doi.org/10.1080/19490976.2020.1748257	<i>Klebsiella pneumoniae</i> carriage in low-income countrie	True	True	False	covered	498	abstained		498	0	0	498	none	FILLED	whole_field
PRJEB29143	country	train	False	PMC7527070	local_pdf	True	True	https://doi.org/10.1080/19490976.2020.1748257	<i>Klebsiella pneumoniae</i> carriage in low-income countrie	True	True	False	not_gated	0	abstained		0	0	0	0	none	FILLED	not_gated
PRJEB29143	collection_date	train	False	PMC7527070	local_pdf	True	True	https://doi.org/10.1080/19490976.2020.1748257	<i>Klebsiella pneumoniae</i> carriage in low-income countrie	True	True	False	covered	498	abstained		498	0	0	498	none	FILLED	whole_field
PRJEB29143	isolation_source	train	False	PMC7527070	local_pdf	True	True	https://doi.org/10.1080/19490976.2020.1748257	<i>Klebsiella pneumoniae</i> carriage in low-income countrie	True	True	False	residual_per_sample	498	abstained		0	0	498	0	applied	FILLED	per_sample_or_escalation
PRJEB30134	host	train	False	PMC10438816	europepmc_fulltext	True	True	https://doi.org/10.1099/mgen.0.001048	Long-read sequencing reveals genomic diversity and associate	False	False	False	covered	169	direct		169	32	0	137	none	FILLED	whole_field
PRJEB30134	country	train	False	PMC10438816	europepmc_fulltext	True	True	https://doi.org/10.1099/mgen.0.001048	Long-read sequencing reveals genomic diversity and associate	False	False	False	covered	169	direct		169	32	0	137	none	FILLED	whole_field
PRJEB30134	collection_date	train	False	PMC10438816	europepmc_fulltext	True	True	https://doi.org/10.1099/mgen.0.001048	Long-read sequencing reveals genomic diversity and associate	False	False	False	covered	169	direct		0	32	0	137	none	FILLED	whole_field
PRJEB30134	isolation_source	train	False	PMC10438816	europepmc_fulltext	True	True	https://doi.org/10.1099/mgen.0.001048	Long-read sequencing reveals genomic diversity and associate	False	False	False	covered	169	direct		0	32	0	137	none	FILLED	whole_field
PRJEB33565	host	train	False	PMC8007471	local_pdf	True	True	https://doi.org/10.1038/s41564-021-00870-7	Characterization of antimicrobial-resistant Gram-negative ba	True	True	False	covered	400	abstained		400	0	0	400	none	FILLED	whole_field
PRJEB33565	country	train	False	PMC8007471	local_pdf	True	True	https://doi.org/10.1038/s41564-021-00870-7	Characterization of antimicrobial-resistant Gram-negative ba	True	True	False	not_gated	0	abstained		0	0	0	0	none	FILLED	not_gated
PRJEB33565	collection_date	train	False	PMC8007471	local_pdf	True	True	https://doi.org/10.1038/s41564-021-00870-7	Characterization of antimicrobial-resistant Gram-negative ba	True	True	False	not_gated	0	abstained		0	0	0	0	none	FILLED	not_gated
PRJEB33565	isolation_source	train	False	PMC8007471	local_pdf	True	True	https://doi.org/10.1038/s41564-021-00870-7	Characterization of antimicrobial-resistant Gram-negative ba	True	True	False	covered	400	abstained		400	0	0	400	none	FILLED	whole_field
PRJEB35685	host	train	False		local_pdf	True	True	https://doi.org/10.1016/j.cmi.2020.01.027	Molecular characteristics of carbapenemase-producing Enterob	True	True	False	covered	412	NO_PMCID		412	0	0	412	none	FILLED	whole_field
PRJEB35685	country	train	False		local_pdf	True	True	https://doi.org/10.1016/j.cmi.2020.01.027	Molecular characteristics of carbapenemase-producing Enterob	True	True	False	not_gated	0	NO_PMCID		0	0	0	0	none	FILLED	not_gated
PRJEB35685	collection_date	train	False		local_pdf	True	True	https://doi.org/10.1016/j.cmi.2020.01.027	Molecular characteristics of carbapenemase-producing Enterob	True	True	False	residual_per_sample	412	NO_PMCID	NO_PMCID	0	0	0	412	none	EXHAUSTED	paper_has_no_table
PRJEB35685	isolation_source	train	False		local_pdf	True	True	https://doi.org/10.1016/j.cmi.2020.01.027	Molecular characteristics of carbapenemase-producing Enterob	True	True	False	residual_per_sample	412	NO_PMCID	NO_PMCID	0	0	0	412	none	EXHAUSTED	paper_has_no_table
PRJEB37378	host	train	True		europepmc_fulltext	True	True			False	False	False	residual_per_sample	1681	NO_PMCID	NO_PMCID	0	0	0	1681	pending	ACTIONABLE	answer_escalation
PRJEB37378	country	train	True		europepmc_fulltext	True	True			False	False	False	residual_per_sample	1681	NO_PMCID		0	0	1681	0	applied	FILLED	per_sample_or_escalation
PRJEB37378	collection_date	train	True		europepmc_fulltext	True	True			False	False	False	residual_per_sample	1681	NO_PMCID		0	0	1681	0	applied	FILLED	per_sample_or_escalation
PRJEB37378	isolation_source	train	True		europepmc_fulltext	True	True			False	False	False	residual_per_sample	1681	NO_PMCID	NO_PMCID	0	0	0	1681	pending	ACTIONABLE	answer_escalation
PRJEB38289	host	train	False	PMC7985491	europepmc_fulltext	True	True	https://doi.org/10.1038/s41598-021-85724-2	Methylation analysis of Klebsiella pneumoniae from Portugues	False	False	False	residual_per_sample	500	abstained		0	0	0	500	none	BLOCKED	needs_linkage
PRJEB38289	country	train	False	PMC7985491	europepmc_fulltext	True	True	https://doi.org/10.1038/s41598-021-85724-2	Methylation analysis of Klebsiella pneumoniae from Portugues	False	False	False	not_gated	0	abstained		0	0	0	0	none	FILLED	not_gated
PRJEB38289	collection_date	train	False	PMC7985491	europepmc_fulltext	True	True	https://doi.org/10.1038/s41598-021-85724-2	Methylation analysis of Klebsiella pneumoniae from Portugues	False	False	False	not_gated	0	abstained		0	0	0	0	none	FILLED	not_gated
PRJEB38289	isolation_source	train	False	PMC7985491	europepmc_fulltext	True	True	https://doi.org/10.1038/s41598-021-85724-2	Methylation analysis of Klebsiella pneumoniae from Portugues	False	False	False	not_gated	0	abstained		0	0	0	0	none	FILLED	not_gated
PRJEB39867	host	train	False	PMC9598256	europepmc_fulltext	True	True	https://doi.org/10.3390/antibiotics11101286	Surveillance and Genomic Analysis of Third-Generation Cephal	False	False	False	not_gated	0	abstained		0	0	0	0	none	FILLED	not_gated
PRJEB39867	country	train	False	PMC9598256	europepmc_fulltext	True	True	https://doi.org/10.3390/antibiotics11101286	Surveillance and Genomic Analysis of Third-Generation Cephal	False	False	False	not_gated	0	abstained		0	0	0	0	none	FILLED	not_gated
PRJEB39867	collection_date	train	False	PMC9598256	europepmc_fulltext	True	True	https://doi.org/10.3390/antibiotics11101286	Surveillance and Genomic Analysis of Third-Generation Cephal	False	False	False	residual_per_sample	286	abstained	no_supp	0	0	0	286	none	ACTIONABLE	fetch_supp_table
PRJEB39867	isolation_source	train	False	PMC9598256	europepmc_fulltext	True	True	https://doi.org/10.3390/antibiotics11101286	Surveillance and Genomic Analysis of Third-Generation Cephal	False	False	False	residual_per_sample	286	abstained	no_supp	0	0	0	286	none	ACTIONABLE	fetch_supp_table
PRJEB42462	host	train	True		pdf	True	True			False	False	False	covered	1278	NO_PMCID		1278	0	0	1278	none	FILLED	whole_field
PRJEB42462	country	train	True		pdf	True	True			False	False	False	residual_per_sample	1278	NO_PMCID	NO_PMCID	0	0	0	1278	pending	ACTIONABLE	answer_escalation
PRJEB42462	collection_date	train	True		pdf	True	True			False	False	False	residual_per_sample	1278	NO_PMCID	NO_PMCID	0	0	0	1278	pending	ACTIONABLE	answer_escalation
PRJEB42462	isolation_source	train	True		pdf	True	True			False	False	False	residual_per_sample	1278	NO_PMCID		0	0	1278	0	applied	FILLED	per_sample_or_escalation
PRJEB46513	host	train	False	PMC12885268	local_pdf	True	True	https://doi.org/10.1371/journal.pgph.0005965	Transmission dynamics of Klebsiella pneumoniae in a neonatal	True	True	False	covered	281	abstained		281	0	0	281	none	FILLED	whole_field
PRJEB46513	country	train	False	PMC12885268	local_pdf	True	True	https://doi.org/10.1371/journal.pgph.0005965	Transmission dynamics of Klebsiella pneumoniae in a neonatal	True	True	False	covered	281	abstained		281	0	0	281	none	FILLED	whole_field
PRJEB46513	collection_date	train	False	PMC12885268	local_pdf	True	True	https://doi.org/10.1371/journal.pgph.0005965	Transmission dynamics of Klebsiella pneumoniae in a neonatal	True	True	False	covered	281	abstained		281	0	0	281	none	FILLED	whole_field
PRJEB46513	isolation_source	train	False	PMC12885268	local_pdf	True	True	https://doi.org/10.1371/journal.pgph.0005965	Transmission dynamics of Klebsiella pneumoniae in a neonatal	True	True	False	covered	281	abstained		281	0	0	281	none	FILLED	whole_field
PRJEB48990	host	train	False	PMC10272877	europepmc_fulltext	True	True	https://doi.org/10.1099/mgen.0.001016	Genomic surveillance of multidrug-resistant <i>Klebsiella</i	False	False	False	residual_per_sample	501	direct	field_not_in_table	0	0	0	501	none	EXHAUSTED	field_not_in_table
PRJEB48990	country	train	False	PMC10272877	europepmc_fulltext	True	True	https://doi.org/10.1099/mgen.0.001016	Genomic surveillance of multidrug-resistant <i>Klebsiella</i	False	False	False	covered	500	direct		500	0	0	500	none	FILLED	whole_field
PRJEB48990	collection_date	train	False	PMC10272877	europepmc_fulltext	True	True	https://doi.org/10.1099/mgen.0.001016	Genomic surveillance of multidrug-resistant <i>Klebsiella</i	False	False	False	covered	500	direct		0	539	0	0	none	FILLED	whole_field
PRJEB48990	isolation_source	train	False	PMC10272877	europepmc_fulltext	True	True	https://doi.org/10.1099/mgen.0.001016	Genomic surveillance of multidrug-resistant <i>Klebsiella</i	False	False	False	covered	502	direct		0	539	0	0	none	FILLED	whole_field
PRJEB5065	host	train	False	PMC4971767	europepmc_fulltext	True	True	https://doi.org/10.1101/gr.205245.116	Recent independent emergence of multiple multidrug-resistant	False	False	False	not_gated	0			0	0	0	0	none	FILLED	not_gated
PRJEB5065	country	train	False	PMC4971767	europepmc_fulltext	True	True	https://doi.org/10.1101/gr.205245.116	Recent independent emergence of multiple multidrug-resistant	False	False	False	not_gated	0			0	0	84	0	applied	FILLED	not_gated
PRJEB5065	collection_date	train	False	PMC4971767	europepmc_fulltext	True	True	https://doi.org/10.1101/gr.205245.116	Recent independent emergence of multiple multidrug-resistant	False	False	False	not_gated	0			0	0	0	0	none	FILLED	not_gated
PRJEB5065	isolation_source	train	False	PMC4971767	europepmc_fulltext	True	True	https://doi.org/10.1101/gr.205245.116	Recent independent emergence of multiple multidrug-resistant	False	False	False	not_gated	0			0	0	0	0	none	FILLED	not_gated
PRJEB58018	host	train	False	PMC12862290	europepmc_fulltext	True	True	https://doi.org/10.2807/1560-7917.es.2026.31.1.2500378	International spread or local outbreak? Epidemiologic analys	False	False	False	covered	201	abstained		201	0	0	201	none	FILLED	whole_field
PRJEB58018	country	train	False	PMC12862290	europepmc_fulltext	True	True	https://doi.org/10.2807/1560-7917.es.2026.31.1.2500378	International spread or local outbreak? Epidemiologic analys	False	False	False	not_gated	0	abstained		0	0	0	0	none	FILLED	not_gated
PRJEB58018	collection_date	train	False	PMC12862290	europepmc_fulltext	True	True	https://doi.org/10.2807/1560-7917.es.2026.31.1.2500378	International spread or local outbreak? Epidemiologic analys	False	False	False	not_gated	0	abstained		0	0	0	0	none	FILLED	not_gated
PRJEB58018	isolation_source	train	False	PMC12862290	europepmc_fulltext	True	True	https://doi.org/10.2807/1560-7917.es.2026.31.1.2500378	International spread or local outbreak? Epidemiologic analys	False	False	False	not_gated	0	abstained		0	0	0	0	none	FILLED	not_gated
PRJEB58136	host	train	False	PMC11652666	europepmc_fulltext	True	True	https://doi.org/10.1007/s44197-024-00323-4	Limited Evidence of Spillover of Antimicrobial-Resistant Kle	False	False	False	covered	138	direct		0	138	0	0	none	FILLED	whole_field
PRJEB58136	country	train	False	PMC11652666	europepmc_fulltext	True	True	https://doi.org/10.1007/s44197-024-00323-4	Limited Evidence of Spillover of Antimicrobial-Resistant Kle	False	False	False	not_gated	0	direct		0	138	0	0	none	FILLED	not_gated
PRJEB58136	collection_date	train	False	PMC11652666	europepmc_fulltext	True	True	https://doi.org/10.1007/s44197-024-00323-4	Limited Evidence of Spillover of Antimicrobial-Resistant Kle	False	False	False	not_gated	0	direct		0	138	0	0	none	FILLED	not_gated
PRJEB58136	isolation_source	train	False	PMC11652666	europepmc_fulltext	True	True	https://doi.org/10.1007/s44197-024-00323-4	Limited Evidence of Spillover of Antimicrobial-Resistant Kle	False	False	False	not_gated	0	direct		0	123	0	0	none	FILLED	not_gated
PRJEB58216	host	train	False	PMC10483420	europepmc_fulltext	True	True	https://doi.org/10.1099/mgen.0.001082	Three <i>Klebsiella pneumoniae</i> lineages causing bloodstr	False	False	False	covered	209	direct		209	0	0	209	none	FILLED	whole_field
PRJEB58216	country	train	False	PMC10483420	europepmc_fulltext	True	True	https://doi.org/10.1099/mgen.0.001082	Three <i>Klebsiella pneumoniae</i> lineages causing bloodstr	False	False	False	not_gated	0	direct		0	0	0	0	none	FILLED	not_gated
PRJEB58216	collection_date	train	False	PMC10483420	europepmc_fulltext	True	True	https://doi.org/10.1099/mgen.0.001082	Three <i>Klebsiella pneumoniae</i> lineages causing bloodstr	False	False	False	not_gated	0	direct		0	209	0	0	none	FILLED	not_gated
PRJEB58216	isolation_source	train	False	PMC10483420	europepmc_fulltext	True	True	https://doi.org/10.1099/mgen.0.001082	Three <i>Klebsiella pneumoniae</i> lineages causing bloodstr	False	False	False	not_gated	0	direct		0	209	0	0	none	FILLED	not_gated
PRJEB63361	host	train	False	PMC12810914	local_pdf	True	True	https://doi.org/10.1371/journal.ppat.1013859	Carbapenem resistant Klebsiella pneumoniae isolates at a ter	True	True	False	covered	413	direct		413	0	0	413	none	FILLED	whole_field
PRJEB63361	country	train	False	PMC12810914	local_pdf	True	True	https://doi.org/10.1371/journal.ppat.1013859	Carbapenem resistant Klebsiella pneumoniae isolates at a ter	True	True	False	not_gated	0	direct		0	0	0	0	none	FILLED	not_gated
PRJEB63361	collection_date	train	False	PMC12810914	local_pdf	True	True	https://doi.org/10.1371/journal.ppat.1013859	Carbapenem resistant Klebsiella pneumoniae isolates at a ter	True	True	False	not_gated	0	direct		0	413	0	0	none	FILLED	not_gated
PRJEB63361	isolation_source	train	False	PMC12810914	local_pdf	True	True	https://doi.org/10.1371/journal.ppat.1013859	Carbapenem resistant Klebsiella pneumoniae isolates at a ter	True	True	False	not_gated	0	direct		0	413	0	0	none	FILLED	not_gated
PRJEB64895	host	train	False	PMC10668257	europepmc_fulltext	True	True	https://doi.org/10.2807/1560-7917.es.2023.28.47.2300571	Emergence and persistent spread of carbapenemase-producing <	False	False	False	covered	142	abstained		142	0	0	142	none	FILLED	whole_field
PRJEB64895	country	train	False	PMC10668257	europepmc_fulltext	True	True	https://doi.org/10.2807/1560-7917.es.2023.28.47.2300571	Emergence and persistent spread of carbapenemase-producing <	False	False	False	not_gated	0	abstained		0	0	0	0	none	FILLED	not_gated
PRJEB64895	collection_date	train	False	PMC10668257	europepmc_fulltext	True	True	https://doi.org/10.2807/1560-7917.es.2023.28.47.2300571	Emergence and persistent spread of carbapenemase-producing <	False	False	False	not_gated	0	abstained		0	0	0	0	none	FILLED	not_gated
PRJEB64895	isolation_source	train	False	PMC10668257	europepmc_fulltext	True	True	https://doi.org/10.2807/1560-7917.es.2023.28.47.2300571	Emergence and persistent spread of carbapenemase-producing <	False	False	False	residual_per_sample	142	abstained	no_supp	0	0	0	142	none	EXHAUSTED	paper_has_no_table
PRJEB6574	host	train	True		local_pdf	True	True			True	True	False	not_gated	0			0	0	0	0	none	FILLED	not_gated
PRJEB6574	country	train	True		local_pdf	True	True			True	True	False	not_gated	0			0	0	0	0	none	FILLED	not_gated
PRJEB6574	collection_date	train	True		local_pdf	True	True			True	True	False	not_gated	0			0	0	0	0	none	FILLED	not_gated
PRJEB6574	isolation_source	train	True		local_pdf	True	True			True	True	False	not_gated	0			0	0	0	0	none	FILLED	not_gated
PRJEB6891	host	train	False	PMC5850561	local_pdf	True	True	https://doi.org/10.1093/cid/cix270	Gastrointestinal Carriage Is a Major Reservoir of Klebsiella	True	True	False	covered	513	abstained		513	0	0	513	none	FILLED	whole_field
PRJEB6891	country	train	False	PMC5850561	local_pdf	True	True	https://doi.org/10.1093/cid/cix270	Gastrointestinal Carriage Is a Major Reservoir of Klebsiella	True	True	False	covered	511	abstained		511	0	0	511	none	FILLED	whole_field
PRJEB6891	collection_date	train	False	PMC5850561	local_pdf	True	True	https://doi.org/10.1093/cid/cix270	Gastrointestinal Carriage Is a Major Reservoir of Klebsiella	True	True	False	residual_per_sample	511	abstained		0	0	511	0	applied	FILLED	per_sample_or_escalation
PRJEB6891	isolation_source	train	False	PMC5850561	local_pdf	True	True	https://doi.org/10.1093/cid/cix270	Gastrointestinal Carriage Is a Major Reservoir of Klebsiella	True	True	False	residual_per_sample	511	abstained	no_supp	0	0	0	511	none	ACTIONABLE	fetch_supp_table
PRJEB74083	host	train	False	PMC11027475	europepmc_fulltext	True	True	https://doi.org/10.2807/1560-7917.es.2024.29.16.2400188	Emergence of OXA-48-producing <i>Klebsiella pneumoniae</i> i	False	False	False	covered	106	abstained		106	0	0	106	none	FILLED	whole_field
PRJEB74083	country	train	False	PMC11027475	europepmc_fulltext	True	True	https://doi.org/10.2807/1560-7917.es.2024.29.16.2400188	Emergence of OXA-48-producing <i>Klebsiella pneumoniae</i> i	False	False	False	not_gated	0	abstained		0	0	0	0	none	FILLED	not_gated
PRJEB74083	collection_date	train	False	PMC11027475	europepmc_fulltext	True	True	https://doi.org/10.2807/1560-7917.es.2024.29.16.2400188	Emergence of OXA-48-producing <i>Klebsiella pneumoniae</i> i	False	False	False	not_gated	0	abstained		0	0	0	0	none	FILLED	not_gated
PRJEB74083	isolation_source	train	False	PMC11027475	europepmc_fulltext	True	True	https://doi.org/10.2807/1560-7917.es.2024.29.16.2400188	Emergence of OXA-48-producing <i>Klebsiella pneumoniae</i> i	False	False	False	residual_per_sample	106	abstained	no_supp	0	0	0	106	none	EXHAUSTED	paper_has_no_table
PRJNA1028672	host	train	False	PMC10914598	local_pdf	True	True	https://doi.org/10.1038/s41564-024-01612-1	Carbapenem-resistant Klebsiella pneumoniae capsular types, a	True	True	False	not_gated	0			0	0	0	0	none	FILLED	not_gated
PRJNA1028672	country	train	False	PMC10914598	local_pdf	True	True	https://doi.org/10.1038/s41564-024-01612-1	Carbapenem-resistant Klebsiella pneumoniae capsular types, a	True	True	False	not_gated	0			0	0	0	0	none	FILLED	not_gated
PRJNA1028672	collection_date	train	False	PMC10914598	local_pdf	True	True	https://doi.org/10.1038/s41564-024-01612-1	Carbapenem-resistant Klebsiella pneumoniae capsular types, a	True	True	False	not_gated	0			0	0	0	0	none	FILLED	not_gated
PRJNA1028672	isolation_source	train	False	PMC10914598	local_pdf	True	True	https://doi.org/10.1038/s41564-024-01612-1	Carbapenem-resistant Klebsiella pneumoniae capsular types, a	True	True	False	not_gated	0			0	0	0	0	none	FILLED	not_gated
PRJNA1048341	host	train	False	PMC10917868	europepmc_fulltext	True	True	https://doi.org/10.1007/s10096-023-04735-1	Activity of imipenem/relebactam and comparators against KPC-	False	False	False	residual_per_sample	177	abstained	no_supp	0	0	0	177	none	EXHAUSTED	paper_has_no_table
PRJNA1048341	country	train	False	PMC10917868	europepmc_fulltext	True	True	https://doi.org/10.1007/s10096-023-04735-1	Activity of imipenem/relebactam and comparators against KPC-	False	False	False	not_gated	0	abstained		0	0	0	0	none	FILLED	not_gated
PRJNA1048341	collection_date	train	False	PMC10917868	europepmc_fulltext	True	True	https://doi.org/10.1007/s10096-023-04735-1	Activity of imipenem/relebactam and comparators against KPC-	False	False	False	not_gated	0	abstained		0	0	0	0	none	FILLED	not_gated
PRJNA1048341	isolation_source	train	False	PMC10917868	europepmc_fulltext	True	True	https://doi.org/10.1007/s10096-023-04735-1	Activity of imipenem/relebactam and comparators against KPC-	False	False	False	not_gated	0	abstained		0	0	0	0	none	FILLED	not_gated
PRJNA1052047	host	train	False	PMC11256802	europepmc_fulltext	True	True	https://doi.org/10.1128/mra.00132-24	Draft genome sequences of 148 <i>Klebsiella pneumoniae</i> s	False	False	False	not_gated	0			0	0	0	0	none	FILLED	not_gated
PRJNA1052047	country	train	False	PMC11256802	europepmc_fulltext	True	True	https://doi.org/10.1128/mra.00132-24	Draft genome sequences of 148 <i>Klebsiella pneumoniae</i> s	False	False	False	not_gated	0			0	0	0	0	none	FILLED	not_gated
PRJNA1052047	collection_date	train	False	PMC11256802	europepmc_fulltext	True	True	https://doi.org/10.1128/mra.00132-24	Draft genome sequences of 148 <i>Klebsiella pneumoniae</i> s	False	False	False	not_gated	0			0	0	0	0	none	FILLED	not_gated
PRJNA1052047	isolation_source	train	False	PMC11256802	europepmc_fulltext	True	True	https://doi.org/10.1128/mra.00132-24	Draft genome sequences of 148 <i>Klebsiella pneumoniae</i> s	False	False	False	not_gated	0			0	0	0	0	none	FILLED	not_gated
PRJNA1054115	host	train	False	PMC11322185	europepmc_fulltext	True	True	https://doi.org/10.1038/s41467-024-51374-x	Clonal background and routes of plasmid transmission underli	False	False	False	not_gated	0			0	0	0	0	none	FILLED	not_gated
PRJNA1054115	country	train	False	PMC11322185	europepmc_fulltext	True	True	https://doi.org/10.1038/s41467-024-51374-x	Clonal background and routes of plasmid transmission underli	False	False	False	not_gated	0			0	0	0	0	none	FILLED	not_gated
PRJNA1054115	collection_date	train	False	PMC11322185	europepmc_fulltext	True	True	https://doi.org/10.1038/s41467-024-51374-x	Clonal background and routes of plasmid transmission underli	False	False	False	not_gated	0			0	0	0	0	none	FILLED	not_gated
PRJNA1054115	isolation_source	train	False	PMC11322185	europepmc_fulltext	True	True	https://doi.org/10.1038/s41467-024-51374-x	Clonal background and routes of plasmid transmission underli	False	False	False	not_gated	0			0	0	0	0	none	FILLED	not_gated
PRJNA1087366	host	train	False	PMC11087563	europepmc_fulltext	True	True	https://doi.org/10.1038/s41467-024-48296-z	Assessment of three antibiotic combination regimens against 	False	False	False	covered	135	abstained		135	0	0	135	none	FILLED	whole_field
PRJNA1087366	country	train	False	PMC11087563	europepmc_fulltext	True	True	https://doi.org/10.1038/s41467-024-48296-z	Assessment of three antibiotic combination regimens against 	False	False	False	residual_per_sample	135	abstained		0	0	0	135	none	BLOCKED	needs_linkage
PRJNA1087366	collection_date	train	False	PMC11087563	europepmc_fulltext	True	True	https://doi.org/10.1038/s41467-024-48296-z	Assessment of three antibiotic combination regimens against 	False	False	False	residual_per_sample	135	abstained		0	0	0	135	none	BLOCKED	needs_linkage
PRJNA1087366	isolation_source	train	False	PMC11087563	europepmc_fulltext	True	True	https://doi.org/10.1038/s41467-024-48296-z	Assessment of three antibiotic combination regimens against 	False	False	False	residual_per_sample	135	abstained		0	0	135	0	applied	FILLED	per_sample_or_escalation
PRJNA1133624	host	train	False	PMC12077086	local_pdf	True	True	https://doi.org/10.1128/jcm.01105-24	Rapid prediction of carbapenemases in &lt;i&gt;Pseudomonas a	True	True	False	not_gated	0			0	0	0	0	none	FILLED	not_gated
PRJNA1133624	country	train	False	PMC12077086	local_pdf	True	True	https://doi.org/10.1128/jcm.01105-24	Rapid prediction of carbapenemases in &lt;i&gt;Pseudomonas a	True	True	False	not_gated	0			0	0	0	0	none	FILLED	not_gated
PRJNA1133624	collection_date	train	False	PMC12077086	local_pdf	True	True	https://doi.org/10.1128/jcm.01105-24	Rapid prediction of carbapenemases in &lt;i&gt;Pseudomonas a	True	True	False	not_gated	0			0	0	0	0	none	FILLED	not_gated
PRJNA1133624	isolation_source	train	False	PMC12077086	local_pdf	True	True	https://doi.org/10.1128/jcm.01105-24	Rapid prediction of carbapenemases in &lt;i&gt;Pseudomonas a	True	True	False	not_gated	0			0	0	0	0	none	FILLED	not_gated
PRJNA246471	host	train	False	PMC4879409	europepmc_fulltext	True	True	https://doi.org/10.1128/aac.00464-16	Nested Russian Doll-Like Genetic Mobility Drives Rapid Disse	False	False	False	not_gated	0			0	0	0	0	none	FILLED	not_gated
PRJNA246471	country	train	False	PMC4879409	europepmc_fulltext	True	True	https://doi.org/10.1128/aac.00464-16	Nested Russian Doll-Like Genetic Mobility Drives Rapid Disse	False	False	False	not_gated	0			0	0	0	0	none	FILLED	not_gated
PRJNA246471	collection_date	train	False	PMC4879409	europepmc_fulltext	True	True	https://doi.org/10.1128/aac.00464-16	Nested Russian Doll-Like Genetic Mobility Drives Rapid Disse	False	False	False	not_gated	0			0	0	0	0	none	FILLED	not_gated
PRJNA246471	isolation_source	train	False	PMC4879409	europepmc_fulltext	True	True	https://doi.org/10.1128/aac.00464-16	Nested Russian Doll-Like Genetic Mobility Drives Rapid Disse	False	False	False	not_gated	0			0	0	0	0	none	FILLED	not_gated
PRJNA271899	host	train	False	PMC8981930	europepmc_fulltext	True	True	https://doi.org/10.1186/s13073-022-01040-y	Inter-species geographic signatures for tracing horizontal g	False	False	False	not_gated	0	direct		0	0	0	0	none	FILLED	not_gated
PRJNA271899	country	train	False	PMC8981930	europepmc_fulltext	True	True	https://doi.org/10.1186/s13073-022-01040-y	Inter-species geographic signatures for tracing horizontal g	False	False	False	not_gated	0	direct		0	104	0	0	none	FILLED	not_gated
PRJNA271899	collection_date	train	False	PMC8981930	europepmc_fulltext	True	True	https://doi.org/10.1186/s13073-022-01040-y	Inter-species geographic signatures for tracing horizontal g	False	False	False	not_gated	0	direct		0	104	0	0	none	FILLED	not_gated
PRJNA271899	isolation_source	train	False	PMC8981930	europepmc_fulltext	True	True	https://doi.org/10.1186/s13073-022-01040-y	Inter-species geographic signatures for tracing horizontal g	False	False	False	covered	254	direct		0	103	0	151	none	FILLED	whole_field
PRJNA278886	host	train	False	PMC6355588	europepmc_fulltext	True	True	https://doi.org/10.1128/aac.02040-18	Diverse Vectors and Mechanisms Spread New Delhi Metallo-β-La	False	False	False	not_gated	0			0	0	0	0	none	FILLED	not_gated
PRJNA278886	country	train	False	PMC6355588	europepmc_fulltext	True	True	https://doi.org/10.1128/aac.02040-18	Diverse Vectors and Mechanisms Spread New Delhi Metallo-β-La	False	False	False	not_gated	0			0	0	0	0	none	FILLED	not_gated
PRJNA278886	collection_date	train	False	PMC6355588	europepmc_fulltext	True	True	https://doi.org/10.1128/aac.02040-18	Diverse Vectors and Mechanisms Spread New Delhi Metallo-β-La	False	False	False	not_gated	0			0	0	0	0	none	FILLED	not_gated
PRJNA278886	isolation_source	train	False	PMC6355588	europepmc_fulltext	True	True	https://doi.org/10.1128/aac.02040-18	Diverse Vectors and Mechanisms Spread New Delhi Metallo-β-La	False	False	False	not_gated	0			0	0	0	0	none	FILLED	not_gated
PRJNA325243	host	train	False	PMC12247286	europepmc_fulltext	True	True	https://doi.org/10.1186/s12917-025-04686-z	Genomic snapshot of Klebsiella spp. isolates from clinically	False	False	False	residual_per_sample	241	abstained	value_check_failed	0	0	0	241	none	EXHAUSTED	value_check_failed
PRJNA325243	country	train	False	PMC12247286	europepmc_fulltext	True	True	https://doi.org/10.1186/s12917-025-04686-z	Genomic snapshot of Klebsiella spp. isolates from clinically	False	False	False	not_gated	0	abstained		0	0	0	0	none	FILLED	not_gated
PRJNA325243	collection_date	train	False	PMC12247286	europepmc_fulltext	True	True	https://doi.org/10.1186/s12917-025-04686-z	Genomic snapshot of Klebsiella spp. isolates from clinically	False	False	False	not_gated	0	abstained		0	0	0	0	none	FILLED	not_gated
PRJNA325243	isolation_source	train	False	PMC12247286	europepmc_fulltext	True	True	https://doi.org/10.1186/s12917-025-04686-z	Genomic snapshot of Klebsiella spp. isolates from clinically	False	False	False	not_gated	0	abstained		0	0	0	0	none	FILLED	not_gated
PRJNA341927	host	train	False		local_pdf	True	True	https://doi.org/10.1093/jac/dkx135	Evolution and dissemination of the Klebsiella pneumoniae clo	True	True	False	not_gated	0	NO_PMCID		0	0	0	0	none	FILLED	not_gated
PRJNA341927	country	train	False		local_pdf	True	True	https://doi.org/10.1093/jac/dkx135	Evolution and dissemination of the Klebsiella pneumoniae clo	True	True	False	not_gated	0	NO_PMCID		0	0	0	0	none	FILLED	not_gated
PRJNA341927	collection_date	train	False		local_pdf	True	True	https://doi.org/10.1093/jac/dkx135	Evolution and dissemination of the Klebsiella pneumoniae clo	True	True	False	not_gated	0	NO_PMCID		0	0	0	0	none	FILLED	not_gated
PRJNA341927	isolation_source	train	False		local_pdf	True	True	https://doi.org/10.1093/jac/dkx135	Evolution and dissemination of the Klebsiella pneumoniae clo	True	True	False	covered	244	NO_PMCID		244	0	0	244	none	FILLED	whole_field
PRJNA351909	host	train	True		local_pdf	True	True			True	True	False	not_gated	0			0	0	0	0	none	FILLED	not_gated
PRJNA351909	country	train	True		local_pdf	True	True			True	True	False	not_gated	0			0	0	0	0	none	FILLED	not_gated
PRJNA351909	collection_date	train	True		local_pdf	True	True			True	True	False	not_gated	0			0	0	0	0	none	FILLED	not_gated
PRJNA351909	isolation_source	train	True		local_pdf	True	True			True	True	False	not_gated	0			0	0	0	0	none	FILLED	not_gated
PRJNA398288	host	train	True		local_pdf	True	True			True	True	False	not_gated	0			0	0	0	0	none	FILLED	not_gated
PRJNA398288	country	train	True		local_pdf	True	True			True	True	False	not_gated	0			0	0	0	0	none	FILLED	not_gated
PRJNA398288	collection_date	train	True		local_pdf	True	True			True	True	False	not_gated	0			0	0	0	0	none	FILLED	not_gated
PRJNA398288	isolation_source	train	True		local_pdf	True	True			True	True	False	not_gated	0			0	0	0	0	none	FILLED	not_gated
PRJNA415194	host	train	False	PMC6811406	local_pdf	True	True	https://doi.org/10.1128/aac.01622-19	Whole-Genome Sequencing To Identify Drivers of Carbapenem-Re	True	True	False	not_gated	0			0	0	0	0	none	FILLED	not_gated
PRJNA415194	country	train	False	PMC6811406	local_pdf	True	True	https://doi.org/10.1128/aac.01622-19	Whole-Genome Sequencing To Identify Drivers of Carbapenem-Re	True	True	False	not_gated	0			0	0	0	0	none	FILLED	not_gated
PRJNA415194	collection_date	train	False	PMC6811406	local_pdf	True	True	https://doi.org/10.1128/aac.01622-19	Whole-Genome Sequencing To Identify Drivers of Carbapenem-Re	True	True	False	not_gated	0			0	0	0	0	none	FILLED	not_gated
PRJNA415194	isolation_source	train	False	PMC6811406	local_pdf	True	True	https://doi.org/10.1128/aac.01622-19	Whole-Genome Sequencing To Identify Drivers of Carbapenem-Re	True	True	False	not_gated	0			0	0	0	0	none	FILLED	not_gated
PRJNA475751	host	train	False		local_pdf	True	True	https://doi.org/10.1101/2024.02.16.24302955	Methods for cost-efficient, whole genome sequencing surveill	True	True	False	not_gated	0			0	0	0	0	none	FILLED	not_gated
PRJNA475751	country	train	False		local_pdf	True	True	https://doi.org/10.1101/2024.02.16.24302955	Methods for cost-efficient, whole genome sequencing surveill	True	True	False	not_gated	0			0	0	0	0	none	FILLED	not_gated
PRJNA475751	collection_date	train	False		local_pdf	True	True	https://doi.org/10.1101/2024.02.16.24302955	Methods for cost-efficient, whole genome sequencing surveill	True	True	False	not_gated	0			0	0	0	0	none	FILLED	not_gated
PRJNA475751	isolation_source	train	False		local_pdf	True	True	https://doi.org/10.1101/2024.02.16.24302955	Methods for cost-efficient, whole genome sequencing surveill	True	True	False	not_gated	0			0	0	0	0	none	FILLED	not_gated
PRJNA544438	host	train	False	PMC7546912	local_pdf	True	True	https://doi.org/10.1371/journal.pone.0239924	Clinical and molecular characteristics of carbapenem non-sus	True	True	False	not_gated	0			0	0	0	0	none	FILLED	not_gated
PRJNA544438	country	train	False	PMC7546912	local_pdf	True	True	https://doi.org/10.1371/journal.pone.0239924	Clinical and molecular characteristics of carbapenem non-sus	True	True	False	not_gated	0			0	0	0	0	none	FILLED	not_gated
PRJNA544438	collection_date	train	False	PMC7546912	local_pdf	True	True	https://doi.org/10.1371/journal.pone.0239924	Clinical and molecular characteristics of carbapenem non-sus	True	True	False	not_gated	0			0	0	0	0	none	FILLED	not_gated
PRJNA544438	isolation_source	train	False	PMC7546912	local_pdf	True	True	https://doi.org/10.1371/journal.pone.0239924	Clinical and molecular characteristics of carbapenem non-sus	True	True	False	not_gated	0			0	0	0	0	none	FILLED	not_gated
PRJNA549322	host	train	True		pdf	True	True			False	False	False	not_gated	0	NO_PMCID		0	0	0	0	none	FILLED	not_gated
PRJNA549322	country	train	True		pdf	True	True			False	False	False	residual_per_sample	146	NO_PMCID	NO_PMCID	0	0	0	146	none	EXHAUSTED	paper_has_no_table
PRJNA549322	collection_date	train	True		pdf	True	True			False	False	False	residual_per_sample	148	NO_PMCID	NO_PMCID	0	0	0	148	none	EXHAUSTED	paper_has_no_table
PRJNA549322	isolation_source	train	True		pdf	True	True			False	False	False	residual_per_sample	148	NO_PMCID	NO_PMCID	0	0	0	148	none	EXHAUSTED	paper_has_no_table
PRJNA564992	host	train	False		local_pdf	True	True	https://doi.org/10.1093/jac/dkab268	Comparison of phenotypic antimicrobial susceptibility testin	True	True	False	not_gated	0			0	0	0	0	none	FILLED	not_gated
PRJNA564992	country	train	False		local_pdf	True	True	https://doi.org/10.1093/jac/dkab268	Comparison of phenotypic antimicrobial susceptibility testin	True	True	False	not_gated	0			0	0	0	0	none	FILLED	not_gated
PRJNA564992	collection_date	train	False		local_pdf	True	True	https://doi.org/10.1093/jac/dkab268	Comparison of phenotypic antimicrobial susceptibility testin	True	True	False	not_gated	0			0	0	0	0	none	FILLED	not_gated
PRJNA564992	isolation_source	train	False		local_pdf	True	True	https://doi.org/10.1093/jac/dkab268	Comparison of phenotypic antimicrobial susceptibility testin	True	True	False	not_gated	0			0	0	0	0	none	FILLED	not_gated
PRJNA565795	host	train	False	PMC9019234	europepmc_fulltext	True	True	https://doi.org/10.1016/j.lanwpc.2022.100446	Multi-site implementation of whole genome sequencing for hos	False	False	False	not_gated	0			0	0	0	0	none	FILLED	not_gated
PRJNA565795	country	train	False	PMC9019234	europepmc_fulltext	True	True	https://doi.org/10.1016/j.lanwpc.2022.100446	Multi-site implementation of whole genome sequencing for hos	False	False	False	not_gated	0			0	0	0	0	none	FILLED	not_gated
PRJNA565795	collection_date	train	False	PMC9019234	europepmc_fulltext	True	True	https://doi.org/10.1016/j.lanwpc.2022.100446	Multi-site implementation of whole genome sequencing for hos	False	False	False	not_gated	0			0	0	0	0	none	FILLED	not_gated
PRJNA565795	isolation_source	train	False	PMC9019234	europepmc_fulltext	True	True	https://doi.org/10.1016/j.lanwpc.2022.100446	Multi-site implementation of whole genome sequencing for hos	False	False	False	not_gated	0			0	0	0	0	none	FILLED	not_gated
PRJNA603790	host	train	False	PMC9869340	local_pdf	True	True	https://doi.org/10.1016/s2666-5247(22)00115-x	Threshold-free genomic cluster detection to track transmissi	True	True	False	not_gated	0	abstained		0	0	0	0	none	FILLED	not_gated
PRJNA603790	country	train	False	PMC9869340	local_pdf	True	True	https://doi.org/10.1016/s2666-5247(22)00115-x	Threshold-free genomic cluster detection to track transmissi	True	True	False	not_gated	0	abstained		0	0	0	0	none	FILLED	not_gated
PRJNA603790	collection_date	train	False	PMC9869340	local_pdf	True	True	https://doi.org/10.1016/s2666-5247(22)00115-x	Threshold-free genomic cluster detection to track transmissi	True	True	False	not_gated	0	abstained		0	0	0	0	none	FILLED	not_gated
PRJNA603790	isolation_source	train	False	PMC9869340	local_pdf	True	True	https://doi.org/10.1016/s2666-5247(22)00115-x	Threshold-free genomic cluster detection to track transmissi	True	True	False	covered	462	abstained		462	0	0	462	none	FILLED	whole_field
PRJNA604910	host	train	False	PMC7478627	europepmc_fulltext	True	True	https://doi.org/10.1099/mgen.0.000391	Genomic surveillance of <i>Escherichia coli</i> and <i>Klebs	False	False	False	covered	259	abstained		259	0	0	259	none	FILLED	whole_field
PRJNA604910	country	train	False	PMC7478627	europepmc_fulltext	True	True	https://doi.org/10.1099/mgen.0.000391	Genomic surveillance of <i>Escherichia coli</i> and <i>Klebs	False	False	False	not_gated	0	abstained		0	0	0	0	none	FILLED	not_gated
PRJNA604910	collection_date	train	False	PMC7478627	europepmc_fulltext	True	True	https://doi.org/10.1099/mgen.0.000391	Genomic surveillance of <i>Escherichia coli</i> and <i>Klebs	False	False	False	not_gated	0	abstained		0	0	0	0	none	FILLED	not_gated
PRJNA604910	isolation_source	train	False	PMC7478627	europepmc_fulltext	True	True	https://doi.org/10.1099/mgen.0.000391	Genomic surveillance of <i>Escherichia coli</i> and <i>Klebs	False	False	False	not_gated	0	abstained		0	0	0	0	none	FILLED	not_gated
PRJNA626430	host	train	False	PMC7610705	europepmc_fulltext	True	True	https://doi.org/10.1038/s41564-021-00879-y	Pervasive transmission of a carbapenem resistance plasmid in	False	False	False	not_gated	0			0	0	0	0	none	FILLED	not_gated
PRJNA626430	country	train	False	PMC7610705	europepmc_fulltext	True	True	https://doi.org/10.1038/s41564-021-00879-y	Pervasive transmission of a carbapenem resistance plasmid in	False	False	False	not_gated	0			0	0	0	0	none	FILLED	not_gated
PRJNA626430	collection_date	train	False	PMC7610705	europepmc_fulltext	True	True	https://doi.org/10.1038/s41564-021-00879-y	Pervasive transmission of a carbapenem resistance plasmid in	False	False	False	not_gated	0			0	0	0	0	none	FILLED	not_gated
PRJNA626430	isolation_source	train	False	PMC7610705	europepmc_fulltext	True	True	https://doi.org/10.1038/s41564-021-00879-y	Pervasive transmission of a carbapenem resistance plasmid in	False	False	False	not_gated	0			0	0	0	0	none	FILLED	not_gated
PRJNA634885	host	train	False	PMC7546619	local_pdf	True	True	https://doi.org/10.1038/s41598-020-73440-2	Plasmid diversity among genetically related Klebsiella pneum	True	True	False	not_gated	0	direct		0	0	0	0	none	FILLED	not_gated
PRJNA634885	country	train	False	PMC7546619	local_pdf	True	True	https://doi.org/10.1038/s41598-020-73440-2	Plasmid diversity among genetically related Klebsiella pneum	True	True	False	not_gated	0	direct		0	0	0	0	none	FILLED	not_gated
PRJNA634885	collection_date	train	False	PMC7546619	local_pdf	True	True	https://doi.org/10.1038/s41598-020-73440-2	Plasmid diversity among genetically related Klebsiella pneum	True	True	False	covered	144	direct		0	144	0	0	none	FILLED	whole_field
PRJNA634885	isolation_source	train	False	PMC7546619	local_pdf	True	True	https://doi.org/10.1038/s41598-020-73440-2	Plasmid diversity among genetically related Klebsiella pneum	True	True	False	residual_per_sample	144	direct	field_not_in_table	0	0	0	144	none	EXHAUSTED	paper_has_no_table
PRJNA648389	host	train	False	PMC10926705	europepmc_fulltext	True	True	https://doi.org/10.1099/mgen.0.001201	Identification of a novel CG307 sub-clade in third-generatio	False	False	False	not_gated	0			0	0	0	0	none	FILLED	not_gated
PRJNA648389	country	train	False	PMC10926705	europepmc_fulltext	True	True	https://doi.org/10.1099/mgen.0.001201	Identification of a novel CG307 sub-clade in third-generatio	False	False	False	not_gated	0			0	0	0	0	none	FILLED	not_gated
PRJNA648389	collection_date	train	False	PMC10926705	europepmc_fulltext	True	True	https://doi.org/10.1099/mgen.0.001201	Identification of a novel CG307 sub-clade in third-generatio	False	False	False	not_gated	0			0	0	0	0	none	FILLED	not_gated
PRJNA648389	isolation_source	train	False	PMC10926705	europepmc_fulltext	True	True	https://doi.org/10.1099/mgen.0.001201	Identification of a novel CG307 sub-clade in third-generatio	False	False	False	not_gated	0			0	0	0	0	none	FILLED	not_gated
PRJNA767944	host	train	False	PMC9241541	europepmc_fulltext	True	True	https://doi.org/10.1128/msphere.00143-22	Sequence-Based Genomic Analysis Reveals Transmission of Anti	False	False	False	not_gated	0	abstained		0	0	0	0	none	FILLED	not_gated
PRJNA767944	country	train	False	PMC9241541	europepmc_fulltext	True	True	https://doi.org/10.1128/msphere.00143-22	Sequence-Based Genomic Analysis Reveals Transmission of Anti	False	False	False	not_gated	0	abstained		0	0	0	0	none	FILLED	not_gated
PRJNA767944	collection_date	train	False	PMC9241541	europepmc_fulltext	True	True	https://doi.org/10.1128/msphere.00143-22	Sequence-Based Genomic Analysis Reveals Transmission of Anti	False	False	False	covered	173	abstained		173	0	0	173	none	FILLED	whole_field
PRJNA767944	isolation_source	train	False	PMC9241541	europepmc_fulltext	True	True	https://doi.org/10.1128/msphere.00143-22	Sequence-Based Genomic Analysis Reveals Transmission of Anti	False	False	False	residual_per_sample	173	abstained		0	0	0	173	none	BLOCKED	needs_linkage
PRJNA777643	host	train	False	PMC10564454	europepmc_fulltext	True	True	https://doi.org/10.7554/elife.87406	Bactabolize is a tool for high-throughput generation of bact	False	False	False	not_gated	0			0	0	0	0	none	FILLED	not_gated
PRJNA777643	country	train	False	PMC10564454	europepmc_fulltext	True	True	https://doi.org/10.7554/elife.87406	Bactabolize is a tool for high-throughput generation of bact	False	False	False	not_gated	0			0	0	0	0	none	FILLED	not_gated
PRJNA777643	collection_date	train	False	PMC10564454	europepmc_fulltext	True	True	https://doi.org/10.7554/elife.87406	Bactabolize is a tool for high-throughput generation of bact	False	False	False	not_gated	0			0	0	0	0	none	FILLED	not_gated
PRJNA777643	isolation_source	train	False	PMC10564454	europepmc_fulltext	True	True	https://doi.org/10.7554/elife.87406	Bactabolize is a tool for high-throughput generation of bact	False	False	False	not_gated	0			0	0	0	0	none	FILLED	not_gated
PRJNA787062	host	train	False	PMC9380574	local_pdf	True	True	https://doi.org/10.1128/aac.00534-22	Genomic Epidemiology of Carbapenemase-Producing and Colistin	True	True	False	not_gated	0			0	0	0	0	none	FILLED	not_gated
PRJNA787062	country	train	False	PMC9380574	local_pdf	True	True	https://doi.org/10.1128/aac.00534-22	Genomic Epidemiology of Carbapenemase-Producing and Colistin	True	True	False	not_gated	0			0	0	0	0	none	FILLED	not_gated
PRJNA787062	collection_date	train	False	PMC9380574	local_pdf	True	True	https://doi.org/10.1128/aac.00534-22	Genomic Epidemiology of Carbapenemase-Producing and Colistin	True	True	False	not_gated	0			0	0	0	0	none	FILLED	not_gated
PRJNA787062	isolation_source	train	False	PMC9380574	local_pdf	True	True	https://doi.org/10.1128/aac.00534-22	Genomic Epidemiology of Carbapenemase-Producing and Colistin	True	True	False	not_gated	0			0	0	0	0	none	FILLED	not_gated
PRJNA789336	host	train	True		local_pdf	True	True			True	True	False	not_gated	0			0	0	0	0	none	FILLED	not_gated
PRJNA789336	country	train	True		local_pdf	True	True			True	True	False	not_gated	0			0	0	0	0	none	FILLED	not_gated
PRJNA789336	collection_date	train	True		local_pdf	True	True			True	True	False	not_gated	0			0	0	0	0	none	FILLED	not_gated
PRJNA789336	isolation_source	train	True		local_pdf	True	True			True	True	False	not_gated	0			0	0	0	0	none	FILLED	not_gated
PRJNA789565	host	train	False	PMC9343666	local_pdf	True	True	https://doi.org/10.1038/s41467-022-31990-1	Combined comparative genomics and clinical modeling reveals 	True	True	False	not_gated	0			0	0	0	0	none	FILLED	not_gated
PRJNA789565	country	train	False	PMC9343666	local_pdf	True	True	https://doi.org/10.1038/s41467-022-31990-1	Combined comparative genomics and clinical modeling reveals 	True	True	False	not_gated	0			0	0	0	0	none	FILLED	not_gated
PRJNA789565	collection_date	train	False	PMC9343666	local_pdf	True	True	https://doi.org/10.1038/s41467-022-31990-1	Combined comparative genomics and clinical modeling reveals 	True	True	False	not_gated	0			0	0	0	0	none	FILLED	not_gated
PRJNA789565	isolation_source	train	False	PMC9343666	local_pdf	True	True	https://doi.org/10.1038/s41467-022-31990-1	Combined comparative genomics and clinical modeling reveals 	True	True	False	not_gated	0			0	0	0	0	none	FILLED	not_gated
PRJNA804332	host	train	False	PMC9452910	europepmc_fulltext	True	True	https://doi.org/10.3389/fcimb.2022.892126	Genomic transmission analysis of multidrug-resistant Gram-ne	False	False	False	not_gated	0	abstained		0	0	0	0	none	FILLED	not_gated
PRJNA804332	country	train	False	PMC9452910	europepmc_fulltext	True	True	https://doi.org/10.3389/fcimb.2022.892126	Genomic transmission analysis of multidrug-resistant Gram-ne	False	False	False	not_gated	0	abstained		0	0	0	0	none	FILLED	not_gated
PRJNA804332	collection_date	train	False	PMC9452910	europepmc_fulltext	True	True	https://doi.org/10.3389/fcimb.2022.892126	Genomic transmission analysis of multidrug-resistant Gram-ne	False	False	False	not_gated	0	abstained		0	0	0	0	none	FILLED	not_gated
PRJNA804332	isolation_source	train	False	PMC9452910	europepmc_fulltext	True	True	https://doi.org/10.3389/fcimb.2022.892126	Genomic transmission analysis of multidrug-resistant Gram-ne	False	False	False	residual_per_sample	138	abstained		0	0	0	138	none	BLOCKED	needs_linkage
PRJNA820335	host	train	True		none	False	False			False	False	False	not_gated	0			0	0	0	0	none	FILLED	not_gated
PRJNA820335	country	train	True		none	False	False			False	False	False	not_gated	0			0	0	0	0	none	FILLED	not_gated
PRJNA820335	collection_date	train	True		none	False	False			False	False	False	not_gated	0			0	0	0	0	none	FILLED	not_gated
PRJNA820335	isolation_source	train	True		none	False	False			False	False	False	not_gated	0			0	0	0	0	none	FILLED	not_gated
PRJNA845975	host	train	True		pdf	True	True			False	False	False	not_gated	0	NO_PMCID		0	0	0	0	none	FILLED	not_gated
PRJNA845975	country	train	True		pdf	True	True			False	False	False	not_gated	0	NO_PMCID		0	0	0	0	none	FILLED	not_gated
PRJNA845975	collection_date	train	True		pdf	True	True			False	False	False	not_gated	0	NO_PMCID		0	0	0	0	none	FILLED	not_gated
PRJNA845975	isolation_source	train	True		pdf	True	True			False	False	False	residual_per_sample	567	NO_PMCID		0	0	567	0	applied	FILLED	per_sample_or_escalation
PRJNA982859	host	train	True		europepmc_fulltext	True	True			False	False	False	covered	183	NO_PMCID		183	0	0	183	none	FILLED	whole_field
PRJNA982859	country	train	True		europepmc_fulltext	True	True			False	False	False	not_gated	0	NO_PMCID		0	0	0	0	none	FILLED	not_gated
PRJNA982859	collection_date	train	True		europepmc_fulltext	True	True			False	False	False	not_gated	0	NO_PMCID		0	0	0	0	none	FILLED	not_gated
PRJNA982859	isolation_source	train	True		europepmc_fulltext	True	True			False	False	False	not_gated	0	NO_PMCID		0	0	0	0	none	FILLED	not_gated
