Assembly,collection_date,country,isolation_source
GCA_000349245.1_KP700603_01152013_genomic,1994,USA,Urine 
GCA_000492795.1_Kleb_pneu_MGH_44_V1_genomic,NA,,Respiratory
GCA_000613225.1_SB30_PRJEB5159_genomic,NA,,
GCA_000827665.1_ASM82766v1_genomic,2012,Malaysia,soil
GCA_001033915.1_Kleb_pneu_MGH123_V1_genomic,2014,,
GCA_001034125.1_Kleb_pneu_BIDMC95_V1_genomic,2014,,
GCA_001055795.1_ASM105579v1_genomic,NA,USA: WA,
GCA_001056525.1_ASM105652v1_genomic,NA,USA: WA,
GCA_001060825.1_ASM106082v1_genomic,NA,USA: WA,
GCA_001278905.1_ASM127890v1_genomic,2013,Hong Kong,giant panda feces
GCA_001280925.1_ASM128092v1_genomic,2013,Hong Kong,giant panda feces
GCA_001466765.1_ASM146676v1_genomic,2013,Indonesia: Bogor,Indonesian Tempeh
GCA_001596075.2_ASM159607v2_genomic,1994,USA: VA,Urine from hospitalized patient
GCA_001611185.1_ASM161118v1_genomic,2013,USA: Chicago,Rectal swab
GCA_001663535.1_ASM166353v1_genomic,2013,Pakistan: Hattar Industries,-
GCA_001701635.1_ASM170163v1_genomic,2011,China,
GCA_001701645.1_ASM170164v1_genomic,2012,China,sputum
GCA_001715345.1_ASM171534v1_genomic,2014,Brazil,Rectal Swab
GCA_001729665.1_ASM172966v1_genomic,2015,India,blood
GCA_001743455.1_ASM174345v1_genomic,2015,,
GCA_002186485.1_ASM218648v1_genomic,2013,Nigeria,Blood
GCA_002186565.1_ASM218656v1_genomic,2009,Nigeria,Blood
GCA_002186965.1_ASM218696v1_genomic,2016,Nigeria,Blood
GCA_002187175.1_ASM218717v1_genomic,2016,Nigeria,Blood
GCA_002187215.1_ASM218721v1_genomic,2016,Nigeria,Blood
GCA_002187225.1_ASM218722v1_genomic,2016,Nigeria,Blood
GCA_002187465.1_ASM218746v1_genomic,2013,Nigeria,Blood
GCA_002187935.3_ASM218793v3_genomic,2013,Nigeria,Blood
GCA_002187945.1_ASM218794v1_genomic,2016,Nigeria,Blood
GCA_002188025.1_ASM218802v1_genomic,2016,Nigeria,Blood
GCA_002197675.1_Kquasi_MGF005v1_genomic,2012,"Malaysia: Johor Bharu, Johor",
GCA_002197725.1_Kquasi_MGF008v1_genomic,2015,"Malaysia: Johor Bharu, Johor",urine
GCA_002239895.2_ASM223989v2_genomic,2016,Nigeria,Blood
GCA_002240295.1_ASM224029v1_genomic,2013,China:Hong Kong,feces
GCA_002240315.1_ASM224031v1_genomic,2013,China:Hong Kong,feces
GCA_002240335.1_ASM224033v1_genomic,2013,China:Hong Kong,feces
GCA_002246675.1_ASM224667v1_genomic,2016,Thailand: Bangkok,Rectal swab
GCA_002248055.1_ASM224805v1_genomic,2016,Thailand: Nakhon Pathom,Rectal swab
GCA_002248085.1_ASM224808v1_genomic,2016,Thailand: Nakhon Pathom,Rectal swab
GCA_002248565.1_ASM224856v1_genomic,2016,Thailand: Bangkok,sputum
GCA_002248945.1_ASM224894v1_genomic,2016,Thailand: Nakhon Pathom,Rectal swab
GCA_002285205.1_ASM228520v1_genomic,2017,India,Respiratory catheter tip
GCA_002411665.1_ASM241166v1_genomic,2015,Ghana: Kumasi,urine
GCA_002528965.1_ASM252896v1_genomic,2011,India:Jamshedpur,lake water
GCA_002751905.1_ASM275190v1_genomic,2011,Lebanon,
GCA_002775435.1_ASM277543v1_genomic,2014,Lebanon,
GCA_002775515.1_ASM277551v1_genomic,2014,Colombia: Medellin,
GCA_002851075.1_ASM285107v1_genomic,2006,Colombia: Medellin,
GCA_002851235.1_ASM285123v1_genomic,2003,Colombia: Medellin,
GCA_002851595.1_ASM285159v1_genomic,2003,Colombia: Barranquilla,
GCA_002853015.1_ASM285301v1_genomic,2016,China: Sichuan,
GCA_002853675.1_ASM285367v1_genomic,2002,Colombia: Medellin,
GCA_002853745.1_ASM285374v1_genomic,2002,Colombia: Medellin,
GCA_002854795.1_ASM285479v1_genomic,2003,Colombia: Medellin,
GCA_002855425.1_ASM285542v1_genomic,2006,Colombia: Medellin,
GCA_002953295.1_ASM295329v1_genomic,1994,USA:VA,urine
GCA_003020825.1_ASM302082v1_genomic,2011,"Brazil: City of Belo Horizonte, State of Minas Gerais",tracheal secretion isolated from an uncertain age woman
GCA_003065045.1_ASM306504v1_genomic,2013,USA: Chicago,blood
GCA_003181175.1_ASM318117v1_genomic,1994,"USA: Richmond, VA",urine
GCA_003400775.1_ASM340077v1_genomic,2015,"USA: Palo Alto, California",bloodstream
GCA_003443835.1_ASM344383v1_genomic,2014,China,bronchoalveolar lavage fluid
GCA_003583875.1_ASM358387v1_genomic,2015,"Brazil: Uberlandia, MG",Rectal mucose
GCA_003861065.1_ASM386106v1_genomic,2017,USA: Baltimore,patient fluids
GCA_003936335.1_ASM393633v1_genomic,2016,Pakistan,bedside rail in hospital intensive care unit
GCA_900080215.1_KQS06HV_PRJEB13450_wgs.embl_genomic,2006,Mexico,urine
GCA_900181025.1_14893_8_91_genomic,2010,Pakistan,blood
GCA_900182195.1_14936_2_70_genomic,2010,Pakistan,blood
GCA_900451875.1_39220_A01_genomic,1994,"USA: Richmond, VA",Urine
GCA_900509185.1_17870_3_73_genomic,2014,Austria,Other (feces)
GCA_900509205.1_17870_5_47_genomic,2014,France,Blood
GCA_900509235.1_18174_4_114_genomic,2013,Malta,Urine
GCA_900509245.1_18174_4_43_genomic,2014,Germany,Other (cervix)
GCA_900509305.1_18858_1_96_genomic,NA,,
GCA_900509315.1_19084_4_47_genomic,NA,,
GCA_900509325.1_19506_1_18_genomic,2014,Belgium,Urine
GCA_900509335.1_18623_2_65_genomic,2014,Denmark,Puncture Fluids
GCA_900509345.1_19646_2_148_genomic,2013,Turkey,Urine
GCA_900576765.1_SB3297.fasta_genomic,NA,,
QH255-1_assembly,2016,China,Faeces
QH345-3_assembly,2016,China,Faeces
GCA_000492415.1_Kleb_pneu_UCI_14_V1_genomic,NA,,
GCA_000612905.1_KPSB59_PRJEB5158_genomic,NA,,
GCA_000751755.1_KQQSB11_PRJEB6037_genomic,1997,Austria,blood
GCA_001033665.1_Kleb_pneu_MGH96_V1_genomic,2014,,
GCA_001033805.1_Kleb_pneu_MGH113_V1_genomic,2014,,
GCA_001067585.1_ASM106758v1_genomic,NA,USA: WA,
GCA_001208885.1_EST_A5miseq_genomic,2014,"Italy: Central Italy, Florence",blood
GCA_001463185.1_ASM146318v1_genomic,2012,Norway,Haematoma gall bladder
GCA_001701875.1_ASM170187v1_genomic,2013,Greece: Athens,Urine
GCA_002119945.1_ASM211994v1_genomic,2013,Colombia: Medellin,Urine
GCA_002184905.2_ASM218490v2_genomic,2014,USA: Ohio,blood
GCA_002186915.1_ASM218691v1_genomic,2010,Nigeria,Blood
GCA_002187485.1_ASM218748v1_genomic,2013,Nigeria,Blood
GCA_002188215.1_ASM218821v1_genomic,2014,Nigeria,Blood
GCA_002851085.1_ASM285108v1_genomic,2005,Colombia: Medellin,
GCA_002851295.1_ASM285129v1_genomic,2003,Colombia: Barranquilla,
GCA_002851315.1_ASM285131v1_genomic,2005,Colombia: Barranquilla,
GCA_002853045.1_ASM285304v1_genomic,2016,China: Sichuan,
GCA_002853615.1_ASM285361v1_genomic,2003,Colombia: Bucaramanga,
GCA_002853635.1_ASM285363v1_genomic,2005,Colombia: Medellin,
GCA_002853695.1_ASM285369v1_genomic,2005,Colombia: Bucaramanga,
GCA_002853875.1_ASM285387v1_genomic,2002,Colombia: Cali,
GCA_002854535.1_ASM285453v1_genomic,2007,Colombia: Cali,
GCA_002854595.1_ASM285459v1_genomic,2007,Colombia: Cali,
GCA_002854775.1_ASM285477v1_genomic,2002,Colombia: Cali,
GCA_002855095.1_ASM285509v1_genomic,2011,Colombia: Barranquilla,
GCA_002855225.1_ASM285522v1_genomic,2009,Colombia: Cali,
GCA_002855355.1_ASM285535v1_genomic,2007,Colombia: Medellin,
GCA_002855865.1_ASM285586v1_genomic,2017,USA: New York,milk
GCA_002856275.1_ASM285627v1_genomic,2017,USA: New York,milk
GCA_002856365.1_ASM285636v1_genomic,2017,USA: New York,milk
GCA_002856485.1_ASM285648v1_genomic,2017,USA: New York,milk
GCA_002856505.1_ASM285650v1_genomic,2017,USA: New York,milk
GCA_002856665.1_ASM285666v1_genomic,2017,USA: New York,milk
GCA_002856835.1_ASM285683v1_genomic,2017,USA: New York,milk
GCA_002857265.1_ASM285726v1_genomic,2017,USA: New York,milk
GCA_002936005.2_ASM293600v2_genomic,2015,USA: Michigan,miscellaneous body fluid
GCA_002967105.1_ASM296710v1_genomic,2016,China: Guangdong,not collected
GCA_002967155.1_ASM296715v1_genomic,2016,China: Guangdong,not collected
GCA_003146635.1_ASM314663v1_genomic,2014,USA:Virginia,Hospital waste water
GCA_003146655.1_ASM314665v1_genomic,2013,USA:Virginia,Peri-rectal
GCA_003146685.1_ASM314668v1_genomic,2014,USA:Virginia,Hospital waste water
GCA_003195375.1_ASM319537v1_genomic,2017,"USA: St. Louis, Missori",UR CVS
GCA_003195585.1_ASM319558v1_genomic,2017,"USA: St. Louis, Missori",UR CVS
GCA_003196635.1_ASM319663v1_genomic,2017,"USA: St. Louis, Missori",blood
GCA_003285165.1_ASM328516v1_genomic,2014,China: Guangzhou,
GCA_900086305.1_12082_5_1_genomic,2006,United Kingdom,blood
GCA_900498345.1_ASMTUEKL_15_genomic,2014,Germany,human
GCA_900498395.1_ASMTUEKL_27_genomic,2014,Germany,human
GCA_900498455.1_ASMTUEKL_9_genomic,2014,Germany,human
GCA_900498465.1_ASMTUEKL_28_genomic,2014,Germany,human
GCA_900509215.1_18174_4_152_genomic,2013,Israel,Urine
GCA_900509225.1_18174_4_161_genomic,2014,Israel,Blood
GCA_900509255.1_18174_5_113_genomic,2013,Italy,Wound Secretion
GCA_900509265.1_18174_6_20_genomic,2013,Italy,Urine
GCA_900509275.1_18174_6_62_genomic,2014,Italy,Other (phanrynx swab)
GCA_900509285.1_18174_7_4_genomic,2013,Italy,Urine
GCA_900509295.1_18623_2_55_genomic,2013,Denmark,Lower Respiratory Tract Secrection
GCA_900509355.1_19646_2_55_genomic,2013,Turkey,Lower Respiratory Tract Secrection
QH220-2-2-1_assembly,2016,China,Faeces
QH276-1-2_assembly,2016,China,Faeces
QH194_assembly,2016,China,Faeces
QH230-3_assembly,2016,China,Faeces
QH286-2_assembly,2016,China,Faeces
GCA_000316265.2_MTE1_ImprovedAssembly_genomic,1980,Argentina,cerebrospinal fluid
GCA_000349285.2_G000_12282012_genomic,2010,USA,urine sample
GCA_000364385.3_ASM36438v3_genomic,2010,USA,hospital patients
GCA_000694615.1_Kleb_pneu_MGH_69_V1_genomic,2013,USA: Boston,Sputum
GCA_000699345.1_11227-1_genomic,2005,USA: Maryland,
GCA_000699405.1_4006_genomic,2002,USA: Maryland,
GCA_000699425.1_7699_genomic,2004,USA: Maryland,
GCA_000710095.1_ASM71009v1_genomic,2004,"USA: University of Washington Seattle, WA",Clean-catch urine sample
GCA_000739495.1_ASM73949v1_genomic,2012,USA: HHS Region 5,clinical urine culture
GCA_000807515.2_ASM80751v2_genomic,2012,Colombia,Bodily fluid
GCA_001185865.1_Kleb_pneu_CHS175_V1_genomic,2014,USA,
GCA_001441285.1_ASM144128v1_genomic,2005,Israel,blood
GCA_001441295.1_ASM144129v1_genomic,2005,Israel,blood
GCA_001462615.1_ASM146261v1_genomic,2008,Norway,Wound secretion
GCA_001462735.1_ASM146273v1_genomic,2010,Norway,Urine
GCA_001462885.1_ASM146288v1_genomic,2011,Norway,Rectal swab
GCA_001463085.1_ASM146308v1_genomic,2012,Norway,Thigh tissue
GCA_001463125.1_ASM146312v1_genomic,2012,Norway,Urine
GCA_001463215.1_ASM146321v1_genomic,2012,Norway,Blood
GCA_001463445.1_ASM146344v1_genomic,2014,Norway,Rectal swab
GCA_001463615.1_ASM146361v1_genomic,2013,Norway,Abdominal drain tube
GCA_001483725.1_ASM148372v1_genomic,2007,Norway,pus
GCA_001574505.1_ASM157450v1_genomic,2015,Saudi Arabia: Makkah,Urine
GCA_001640185.1_ASM164018v1_genomic,2015,Lebanon,urine from Syrian refugee
GCA_001720695.1_ASM172069v1_genomic,1985,Netherlands,
GCA_001720705.1_ASM172070v1_genomic,2013,Pakistan,other body fluid
GCA_001945475.1_ASM194547v1_genomic,1997,USA: NYC,blood
GCA_002102635.1_ASM210263v1_genomic,1980,Portugal,urine
GCA_002102655.1_ASM210265v1_genomic,1980,Portugal,neck
GCA_002113865.1_ASM211386v1_genomic,2010,Norway,Urine
GCA_002114225.1_ASM211422v1_genomic,2003,Russia: South Ural,feces
GCA_002851115.1_ASM285111v1_genomic,2005,Colombia: Medellin,
GCA_002851345.1_ASM285134v1_genomic,2006,Colombia: Barranquilla,
GCA_002853815.1_ASM285381v1_genomic,2002,Colombia: Cali,
GCA_003115095.1_ASM311509v1_genomic,2013,Viet Nam:Hanoi,
GCA_003226035.1_ASM322603v1_genomic,2005,Spain:Barcelona,urine
GCA_003402105.1_ASM340210v1_genomic,2008,Sweden,urine
GCA_900084305.1_11983_8_64_genomic,2007,United Kingdom,blood
GCA_900084555.1_11983_8_77_genomic,2007,United Kingdom,blood
GCA_900084915.1_12045_6_50_genomic,2003,United Kingdom,blood
GCA_900084935.1_12045_6_52_genomic,2003,United Kingdom,blood
GCA_900085195.1_12045_6_92_genomic,2004,United Kingdom,blood
GCA_900085315.1_12045_7_15_genomic,2008,United Kingdom,blood
GCA_900086035.1_12082_4_68_genomic,2001,United Kingdom,blood
GCA_900086055.1_12082_4_69_genomic,2001,United Kingdom,blood
GCA_900086065.1_12082_4_72_genomic,2002,United Kingdom,blood
GCA_900086155.1_12082_4_80_genomic,2004,United Kingdom,blood
GCA_900086285.1_12082_4_96_genomic,2006,United Kingdom,blood
GCA_900086445.1_12082_5_15_genomic,2008,United Kingdom,blood
GCA_900322625.1_Kp11_BRA4_genomic,2006,Brazil,
GCA_900322655.1_Kp442_BRA7_genomic,2006,Brazil,
GCA_900322675.1_SB2_genomic,1997,France,
GCA_900451705.1_37554_A01_genomic,1952,United Kingdom: Ipswitch,Sputum
GCA_900500745.1_18489_5_47_genomic,2013,Greece,Urine
GCA_900501515.1_18623_1_69_genomic,2014,Greece,Urine
GCA_900502455.1_18623_2_47_genomic,2013,Serbia,Urine
GCA_900502585.1_18623_2_64_genomic,2014,Denmark,Puncture Fluids
GCA_900510265.1_17870_2_53_genomic,2013,Poland,Lower Respiratory Tract Secrection
GCA_900512795.1_18174_4_94_genomic,2013,Norway,Other (pancreas secretion)
QH276-1-1_assembly,2016,China,Faeces
QH307-1,2016,China,Faeces
QH179-2,2016,China,Faeces
QH238-2,2016,China,Faeces
QH178-2-1_assembly,2016,China,Faeces
QH196-1-2_assembly,2016,China,Faeces
QH225-2_assembly,2016,China,Faeces
QH239-1_assembly,2016,China,Faeces
QH241_assembly,2016,China,Faeces
QH26-1_assembly,2016,China,Faeces
QH268-1_assembly,2016,China,Faeces
QH273-1_assembly,2016,China,Faeces
QH278-1_assembly,2016,China,Faeces
QH307-1-2_assembly,2016,China,Faeces
QH308-4_assembly,2016,China,Faeces
QH311-2_assembly,2016,China,Faeces
QH332_assembly,2016,China,Faeces
QH334-2_assembly,2016,China,Faeces
QH345-1-2_assembly,2016,China,Faeces
QH360-1-1_assembly,2016,China,Faeces
QH393-2_assembly,2016,China,Faeces
QH400-2-1_assembly,2016,China,Faeces
QH1207_assembly,2016,China,Faeces
QH153-2_assembly,2016,China,Faeces
QH208_assembly,2016,China,Faeces
QH221-1_assembly,2016,China,Faeces
QH273-2_assembly,2016,China,Faeces
QH281-4_assembly,2016,China,Faeces
QH283-2_assembly,2016,China,Faeces
QH288-1_assembly,2016,China,Faeces
QH300-3_assembly,2016,China,Faeces
QH33-2_assembly,2016,China,Faeces
QH335-1_assembly,2016,China,Faeces
QH349-1-1_assembly,2016,China,Faeces
QH35-1-1_assembly,2016,China,Faeces
QS2-1_assembly,2016,China,Faeces
QY2_assembly,2016,China,Faeces
QH238-1,2016,China,Faeces