study_accession	fold	n_isolates_split	ena_total_samples	ena_total_runs	ena_taxon_samples	n_child_studies	umbrella_suspected	n_held	completeness_base_country	completeness_postmerge_country	completeness_norm_country	backfill_delta_country	completeness_base_collection_date	completeness_postmerge_collection_date	completeness_norm_collection_date	backfill_delta_collection_date	completeness_base_isolation_source	completeness_postmerge_isolation_source	completeness_norm_isolation_source	backfill_delta_isolation_source	completeness_base_host	completeness_postmerge_host	completeness_norm_host	backfill_delta_host	fetch_status
PRJEB27342	test	3482.0	6368	6368	6354	1	False	5413	0.0	0.6987463126843658	0.6987463126843658	0.6987463126843658	0.0	0.6987463126843658	0.6987463126843658	0.6987463126843658	0.0	0.6967182890855457	0.6876843657817109	0.6967182890855457	0.0	0.5663716814159292	0.5569690265486725	0.5663716814159292	ok
PRJNA376414	test	1777.0	1779	1787	1779	1	False	1765	1.0	1.0	1.0	0.0	1.0	1.0	1.0	0.0	0.9994334277620397	0.9994337485843715	0.970554926387316	3.2082233181185416e-07	1.0	1.0	1.0	0.0	ok
PRJEB10018	test	1718.0	2691	2699	2321	1	False	2283	0.7520805957074025	0.7517513134851138	0.7517513134851138	-0.00032928222228867376	0.7520805957074025	0.7517513134851138	0.7517513134851138	-0.00032928222228867376	0.7503285151116952	0.75	0.7495621716287215	-0.0003285151116951823	0.7520805957074025	0.7517513134851138	0.7517513134851138	-0.00032928222228867376	ok
PRJEB32655	test	1485.0	1485	1485	238	1	False	288	0.0	0.8159722222222222	0.8159722222222222	0.8159722222222222	0.0	0.0	0.0	0.0	0.0	0.0	0.0	0.0	0.0	0.8159722222222222	0.8159722222222222	0.8159722222222222	ok
PRJEB29424	test	1316.0	2204	2204	713	1	False	853	0.0	0.6596491228070176	0.6596491228070176	0.6596491228070176	0.0	0.6596491228070176	0.6584795321637427	0.6596491228070176	0.0	0.6596491228070176	0.6596491228070176	0.6596491228070176	0.0	0.0	0.0	0.0	ok
PRJNA529744	test	1252.0	1252	1252	456	1	False	457	1.0	1.0	1.0	0.0	1.0	1.0	1.0	0.0	0.5514223194748359	0.5560344827586207	0.5474137931034483	0.004612163283784776	1.0	1.0	1.0	0.0	ok
PRJEB48268	test	1088.0	1110	1279	1110	1	False	1104	1.0	1.0	1.0	0.0	1.0	1.0	1.0	0.0	1.0	1.0	1.0	0.0	0.9855072463768116	0.9981884057971014	0.9981884057971014	0.0126811594202898	ok
PRJNA548120	test	982.0	16	17	14	1	False	11	1.0	1.0	1.0	0.0	1.0	1.0	1.0	0.0	1.0	1.0	1.0	0.0	1.0	1.0	1.0	0.0	ok
PRJEB21081	test	932.0	926	932	926	1	False	913	0.0	1.0	1.0	1.0	0.0	0.0	0.0	0.0	0.0	0.0	0.0	0.0	0.0	0.0	0.0	0.0	ok
PRJNA684006	test	898.0	2	2	2	1	False	2	1.0	1.0	1.0	0.0	1.0	1.0	1.0	0.0	1.0	1.0	1.0	0.0	1.0	1.0	1.0	0.0	ok
PRJEB29738	test	862.0	3432	3432	862	1	False	862	0.0	0.9976851851851852	0.9976851851851852	0.9976851851851852	0.0	0.29976851851851855	0.29976851851851855	0.29976851851851855	0.0	0.0	0.0	0.0	0.0	0.9976851851851852	0.9976851851851852	0.9976851851851852	ok
PRJEB63349	test	687.0	687	687	687	1	False	687	1.0	1.0	1.0	0.0	1.0	1.0	0.9796215429403202	0.0	1.0	1.0	1.0	0.0	0.9970887918486172	1.0	1.0	0.0029112081513827937	ok
PRJNA577535	test	575.0	1293	1293	799	1	False	791	1.0	1.0	1.0	0.0	1.0	1.0	1.0	0.0	1.0	1.0	0.9924146649810367	0.0	1.0	1.0	1.0	0.0	ok
PRJNA757551	test	532.0	758	758	375	1	False	377	1.0	1.0	1.0	0.0	1.0	0.005305039787798408	0.0	-0.9946949602122016	0.0	0.0	0.0	0.0	0.0	0.9946949602122016	0.9946949602122016	0.9946949602122016	ok
PRJEB42350	test	484.0	484	563	484	1	False	484	1.0	1.0	1.0	0.0	1.0	1.0	1.0	0.0	1.0	1.0	1.0	0.0	0.0	1.0	1.0	1.0	ok
PRJEB1271	test	464.0	461	464	229	1	False	224	0.7366071428571429	0.7366071428571429	0.7366071428571429	0.0	0.7366071428571429	0.7232142857142857	0.7232142857142857	-0.013392857142857206	0.7321428571428571	0.7232142857142857	0.7232142857142857	-0.008928571428571397	0.7366071428571429	0.7366071428571429	0.7366071428571429	0.0	ok
PRJNA1133668	test	437.0	434	868	315	1	False	285	1.0	1.0	1.0	0.0	1.0	1.0	1.0	0.0	1.0	1.0	1.0	0.0	1.0	1.0	1.0	0.0	ok
PRJEB19226	test	422.0	422	422	185	1	False	184	1.0	1.0	1.0	0.0	1.0	1.0	1.0	0.0	1.0	1.0	0.0	0.0	1.0	1.0	1.0	0.0	ok
PRJEB56146	test	391.0	389	389	155	1	False	156	1.0	1.0	1.0	0.0	1.0	1.0	1.0	0.0	0.9743589743589743	0.9746835443037974	0.9683544303797469	0.0003245699448231054	0.0	0.9746835443037974	0.9746835443037974	0.9746835443037974	ok
PRJEB37504	test	347.0	347	347	347	1	False	347	1.0	1.0	1.0	0.0	0.7665706051873199	1.0	1.0	0.2334293948126801	0.8731988472622478	0.8731988472622478	0.0	0.0	0.0	1.0	1.0	1.0	ok
PRJNA778230	test	331.0	331	331	331	1	False	331	1.0	1.0	1.0	0.0	1.0	1.0	1.0	0.0	1.0	1.0	0.993993993993994	0.0	1.0	1.0	1.0	0.0	ok
PRJNA288601	test	322.0	51951	52644	12456	1	False	7266	0.9966969446738233	0.9966969446738233	0.9966969446738233	0.0	0.9964216900633086	0.9957335535370218	0.950729424717864	-0.0006881365262868533	0.8853564547206165	0.8853564547206165	0.8550784475639966	0.0	0.9962840627580511	0.9962840627580511	0.9958711808422791	0.0	ok
PRJEB43870	test	319.0	203	229	203	1	False	203	1.0	1.0	1.0	0.0	1.0	1.0	1.0	0.0	1.0	1.0	1.0	0.0	0.0	1.0	1.0	1.0	ok
PRJEB57159	test	319.0	42	51	42	1	False	30	1.0	1.0	1.0	0.0	1.0	1.0	1.0	0.0	1.0	1.0	1.0	0.0	0.8	0.9666666666666667	0.9666666666666667	0.16666666666666663	ok
PRJNA922900	test	319.0	111	137	111	1	False	111	1.0	1.0	1.0	0.0	1.0	1.0	1.0	0.0	1.0	1.0	1.0	0.0	0.0	1.0	1.0	1.0	ok
PRJEB53835	test	300.0	7889	7889	372	1	False	363	0.8264462809917356	0.8264462809917356	0.8264462809917356	0.0	0.8264462809917356	0.8264462809917356	0.0	0.0	0.0	0.0	0.0	0.0	0.8264462809917356	0.8264462809917356	0.8264462809917356	0.0	ok
PRJEB2111	test	288.0	348	348	348	1	False	315	0.9174603174603174	0.9174603174603174	0.9174603174603174	0.0	0.9174603174603174	0.9174603174603174	0.9174603174603174	0.0	0.8857142857142857	0.8857142857142857	0.8857142857142857	0.0	0.9174603174603174	0.9174603174603174	0.9174603174603174	0.0	ok
PRJNA543274	test	272.0	261	272	261	1	False	259	0.9922779922779923	0.9922779922779923	0.9922779922779923	0.0	0.9922779922779923	0.9922779922779923	0.9922779922779923	0.0	0.637065637065637	0.637065637065637	0.5444015444015444	0.0	0.9034749034749034	0.9034749034749034	0.9034749034749034	0.0	ok
PRJEB38540	test	253.0	253	255	253	1	False	253	1.0	1.0	1.0	0.0	1.0	1.0	1.0	0.0	1.0	1.0	1.0	0.0	0.0	1.0	1.0	1.0	ok
PRJNA514908	test	241.0	0	0	0	0	False	0																	ok
PRJNA810752	test	217.0	217	217	217	1	False	217	1.0	1.0	1.0	0.0	1.0	1.0	1.0	0.0	1.0	1.0	0.9953917050691244	0.0	1.0	1.0	1.0	0.0	ok
PRJNA339843	test	206.0	224	225	207	1	False	207	1.0	1.0	1.0	0.0	0.9903381642512077	0.9903381642512077	0.9903381642512077	0.0	1.0	1.0	0.9903381642512077	0.0	1.0	1.0	1.0	0.0	ok
PRJNA532291	test	200.0	198	198	187	1	False	187	1.0	1.0	1.0	0.0	1.0	1.0	1.0	0.0	1.0	1.0	1.0	0.0	1.0	1.0	1.0	0.0	ok
PRJNA433394	test	187.0	200	202	187	1	False	187	0.983957219251337	0.983957219251337	0.983957219251337	0.0	0.983957219251337	0.983957219251337	0.983957219251337	0.0	0.983957219251337	0.983957219251337	0.8770053475935828	0.0	1.0	1.0	1.0	0.0	ok
PRJNA594602	test	180.0	180	180	180	1	False	180	1.0	1.0	1.0	0.0	1.0	1.0	1.0	0.0	1.0	1.0	1.0	0.0	1.0	1.0	1.0	0.0	ok
PRJNA306133	test	176.0	417	417	176	1	False	176	1.0	1.0	1.0	0.0	1.0	1.0	1.0	0.0	1.0	1.0	1.0	0.0	1.0	1.0	1.0	0.0	ok
PRJNA252957	test	167.0	167	167	167	1	False	167	1.0	1.0	1.0	0.0	1.0	1.0	1.0	0.0	0.0	0.0	0.0	0.0	1.0	1.0	1.0	0.0	ok
PRJNA633565	test	166.0	176	176	176	1	False	176	1.0	1.0	1.0	0.0	1.0	1.0	1.0	0.0	1.0	0.9090909090909091	0.9090909090909091	-0.09090909090909094	1.0	1.0	1.0	0.0	ok
PRJNA547865	test	157.0	157	157	157	1	False	157	1.0	1.0	1.0	0.0	1.0	1.0	1.0	0.0	1.0	1.0	1.0	0.0	1.0	1.0	1.0	0.0	ok
PRJNA825705	test	155.0	181	362	155	1	False	155	1.0	1.0	1.0	0.0	1.0	0.9872611464968153	0.0	-0.01273885350318471	1.0	1.0	1.0	0.0	1.0	1.0	1.0	0.0	ok
PRJNA839691	test	143.0	146	146	146	1	False	146	1.0	1.0	1.0	0.0	1.0	1.0	1.0	0.0	1.0	1.0	1.0	0.0	0.3287671232876712	0.3287671232876712	0.3287671232876712	0.0	ok
PRJEB29739	test	139.0	2331	2331	778	1	False	787	0.0	0.9860583016476553	0.9860583016476553	0.9860583016476553	0.0	0.10139416983523447	0.10139416983523447	0.10139416983523447	0.0	0.16983523447401774	0.16983523447401774	0.16983523447401774	0.0	0.9860583016476553	0.9860583016476553	0.9860583016476553	ok
PRJEB34643	test	131.0	205	205	205	1	False	205	1.0	1.0	1.0	0.0	0.848780487804878	0.848780487804878	0.848780487804878	0.0	0.6390243902439025	0.6390243902439025	0.6390243902439025	0.0	0.2	0.8390243902439024	0.8390243902439024	0.6390243902439023	ok
PRJEB37711	test	111.0	2006	2006	155	1	False	155	1.0	1.0	1.0	0.0	1.0	1.0	1.0	0.0	0.08387096774193549	0.08387096774193549	0.08387096774193549	0.0	0.0	0.9806451612903225	0.9806451612903225	0.9806451612903225	ok
PRJEB1272	test	105.0	153	153	153	1	False	153	0.6862745098039216	0.6862745098039216	0.6862745098039216	0.0	0.6862745098039216	0.6862745098039216	0.6862745098039216	0.0	0.6797385620915033	0.6797385620915033	0.6797385620915033	0.0	0.6862745098039216	0.6862745098039216	0.6862745098039216	0.0	ok
PRJEB1963	test	69.0	143	143	69	1	False	69	0.0	1.0	1.0	1.0	0.0	1.0	1.0	1.0	0.0	1.0	1.0	1.0	0.0	1.0	1.0	1.0	ok
PRJNA658369	test		2540	2659	1663	1	False	1663	1.0	1.0	1.0	0.0	1.0	1.0	1.0	0.0	1.0	1.0	1.0	0.0	1.0	1.0	1.0	0.0	ok
PRJEB37378	train	6508.0	6168	6508	1603	1	False	1681	0.0	0.9488399762046401	0.9488399762046401	0.9488399762046401	0.0	0.0	0.0	0.0	0.0	0.0	0.0	0.0	0.0	0.0	0.0	0.0	ok
PRJEB28400	train	3153.0	1950	1950	745	1	False	827	0.0	0.9449236894492369	0.9449236894492369	0.9449236894492369	0.0	0.9449236894492369	0.9449236894492369	0.9449236894492369	0.0	0.8991373589913736	0.8951559389515594	0.8991373589913736	0.0	0.45056403450564037	0.45056403450564037	0.45056403450564037	ok
PRJEB19322	train	1930.0	419	419	92	1	False	91	0.0	0.0	0.0	0.0	0.0	0.0	0.0	0.0	0.0	0.0	0.0	0.0	0.0	0.0	0.0	0.0	ok
PRJEB33565	train	1930.0	916	916	403	1	False	400	1.0	1.0	1.0	0.0	1.0	1.0	1.0	0.0	0.0	0.9825	0.9825	0.9825	0.9825	0.9825	0.9825	0.0	ok
PRJEB46513	train	1930.0	478	478	455	1	False	281	0.0	0.9790940766550522	0.9790940766550522	0.9790940766550522	0.0	0.0	0.0	0.0	0.0	0.9790940766550522	0.9790940766550522	0.9790940766550522	0.0	0.9790940766550522	0.9790940766550522	0.9790940766550522	ok
PRJEB42462	train	1147.0	1302	1302	1302	1	False	1278	0.9522691705790297	0.9522691705790297	0.9522691705790297	0.0	0.9522691705790297	0.8716744913928013	0.8716744913928013	-0.08059467918622842	0.0	0.9522691705790297	0.9522691705790297	0.9522691705790297	0.9522691705790297	0.9522691705790297	0.9522691705790297	0.0	ok
PRJEB27256	train	868.0	1063	1258	1063	1	False	989	0.9878665318503539	0.9990079365079365	0.9990079365079365	0.011141404657582621	0.9878665318503539	0.9990079365079365	0.9990079365079365	0.011141404657582621	0.9878665318503539	0.9990079365079365	0.9990079365079365	0.011141404657582621	0.134479271991911	0.7718253968253969	0.7718253968253969	0.6373461248334858	ok
PRJEB22252	train	805.0	805	805	237	1	False	245	1.0	1.0	1.0	0.0	1.0	1.0	1.0	0.0	1.0	1.0	1.0	0.0	1.0	1.0	1.0	0.0	ok
PRJDB5929	train	747.0	965	1158	707	1	False	631	1.0	1.0	1.0	0.0	0.9952456418383518	0.9968304278922345	0.9952456418383518	0.0015847860538826808	0.0	0.838351822503962	0.838351822503962	0.838351822503962	1.0	1.0	1.0	0.0	ok
PRJNA845975	train	599.0	567	567	567	1	False	567	0.9576719576719577	0.9576719576719577	0.9559082892416225	0.0	1.0	1.0	1.0	0.0	0.003527336860670194	1.0	0.9964726631393298	0.9964726631393298	1.0	1.0	1.0	0.0	ok
PRJNA1028672	train	542.0	558	563	546	1	False	542	1.0	1.0	1.0	0.0	1.0	1.0	1.0	0.0	0.9907749077490775	0.9907749077490775	0.988929889298893	0.0	1.0	1.0	1.0	0.0	ok
PRJEB48990	train	539.0	540	540	540	1	False	539	0.07235621521335807	0.7859778597785978	0.7859778597785978	0.7136216445652397	0.07235621521335807	0.7472324723247232	0.7472324723247232	0.6748762571113651	0.0686456400742115	0.7859778597785978	0.7804428044280443	0.7173322197043863	0.07050092764378478	0.7859778597785978	0.7859778597785978	0.715476932134813	ok
PRJEB38289	train	509.0	508	604	508	1	False	500	1.0	1.0	1.0	0.0	1.0	1.0	1.0	0.0	1.0	0.328	0.268	-0.6719999999999999	0.0	1.0	1.0	1.0	ok
PRJEB35685	train	479.0	891	891	412	1	False	412	0.8737864077669902	0.995049504950495	0.995049504950495	0.12126309718350481	0.0	0.4777227722772277	0.4777227722772277	0.4777227722772277	0.0	0.0	0.0	0.0	0.0	0.5074257425742574	0.5074257425742574	0.5074257425742574	ok
PRJNA634885	train	479.0	144	144	144	1	False	144	1.0	1.0	1.0	0.0	0.0	0.0	0.0	0.0	0.0	0.0	0.0	0.0	1.0	1.0	1.0	0.0	ok
PRJEB29143	train	457.0	498	498	498	1	False	498	0.9839357429718876	0.9839357429718876	0.9839357429718876	0.0	0.0	1.0	1.0	1.0	0.0	1.0	1.0	1.0	0.0	1.0	1.0	1.0	ok
PRJNA415194	train	453.0	459	459	459	1	False	453	1.0	1.0	1.0	0.0	1.0	1.0	1.0	0.0	1.0	1.0	1.0	0.0	1.0	1.0	1.0	0.0	ok
PRJNA603790	train	435.0	462	462	462	1	False	462	1.0	1.0	1.0	0.0	1.0	1.0	1.0	0.0	0.0	1.0	1.0	1.0	1.0	1.0	1.0	0.0	ok
PRJEB63361	train	412.0	413	413	413	1	False	413	1.0	1.0	1.0	0.0	1.0	1.0	1.0	0.0	1.0	1.0	1.0	0.0	0.9975786924939467	0.9975786924939467	0.9975786924939467	0.0	ok
PRJNA777643	train	392.0	392	392	392	1	False	392	1.0	1.0	1.0	0.0	1.0	1.0	1.0	0.0	1.0	1.0	0.9923469387755102	0.0	1.0	1.0	1.0	0.0	ok
PRJEB5065	train	379.0	1298	1298	381	1	False	383	0.7806788511749347	0.7806788511749347	0.7806788511749347	0.0	0.7806788511749347	0.7806788511749347	0.7806788511749347	0.0	0.7806788511749347	0.7806788511749347	0.7806788511749347	0.0	0.7806788511749347	0.7806788511749347	0.1279373368146214	0.0	ok
PRJEB20799	train	356.0	100	100	44	1	False	46	0.0	0.9565217391304348	0.9565217391304348	0.9565217391304348	0.0	0.9565217391304348	0.9565217391304348	0.9565217391304348	0.0	0.9565217391304348	0.9565217391304348	0.9565217391304348	0.0	0.9565217391304348	0.9565217391304348	0.9565217391304348	ok
PRJEB6891	train	348.0	622	647	490	1	False	513	0.011695906432748537	0.98635477582846	0.98635477582846	0.9746588693957114	0.003898635477582846	0.783625730994152	0.783625730994152	0.7797270955165692	0.011695906432748537	0.7855750487329435	0.7777777777777778	0.7738791423001949	0.007797270955165692	0.98635477582846	0.98635477582846	0.9785575048732943	ok
PRJEB19229	train	330.0	97	97	96	1	False	96	1.0	1.0	1.0	0.0	1.0	1.0	1.0	0.0	1.0	1.0	0.86	0.0	0.96875	0.99	0.99	0.02124999999999999	ok
PRJEB19435	train	330.0	65	65	0	1	False	0																	ok
PRJEB22264	train	330.0	17	17	0	1	False	0																	ok
PRJEB24082	train	330.0	200	200	200	1	False	200	0.0	0.8522167487684729	0.8522167487684729	0.8522167487684729	0.0	0.8522167487684729	0.8522167487684729	0.8522167487684729	0.0	0.8275862068965517	0.8275862068965517	0.8275862068965517	0.0	0.8522167487684729	0.8522167487684729	0.8522167487684729	ok
PRJEB24083	train	330.0	106	106	0	1	False	5	0.0	0.0	0.0	0.0	0.0	0.0	0.0	0.0	0.0	0.0	0.0	0.0	0.0	0.0	0.0	0.0	ok
PRJEB24084	train	330.0	95	95	0	1	False	3	0.0	0.0	0.0	0.0	0.0	0.0	0.0	0.0	0.0	0.0	0.0	0.0	0.0	0.0	0.0	0.0	ok
PRJEB24085	train	330.0	104	104	104	1	False	104	0.0	0.9230769230769231	0.9230769230769231	0.9230769230769231	0.0	0.9230769230769231	0.9230769230769231	0.9230769230769231	0.0	0.9038461538461539	0.9038461538461539	0.9038461538461539	0.0	0.9230769230769231	0.9230769230769231	0.9230769230769231	ok
PRJEB24086	train	330.0	15	15	3	1	False	3	0.0	0.0	0.0	0.0	0.0	0.0	0.0	0.0	0.0	0.0	0.0	0.0	0.0	0.0	0.0	0.0	ok
PRJEB24087	train	330.0	144	144	0	1	False	4	0.0	0.0	0.0	0.0	0.0	0.0	0.0	0.0	0.0	0.0	0.0	0.0	0.0	0.0	0.0	0.0	ok
PRJEB28054	train	326.0	326	326	326	1	False	326	0.0	0.0	0.0	0.0	0.0	0.0	0.0	0.0	0.0	0.0	0.0	0.0	0.0	0.0	0.0	0.0	ok
PRJNA398288	train	294.0	294	294	36	1	False	36	1.0	1.0	1.0	0.0	1.0	1.0	1.0	0.0	1.0	1.0	1.0	0.0	1.0	1.0	1.0	0.0	ok
PRJEB39867	train	286.0	286	286	286	1	False	286	0.9755244755244755	1.0	1.0	0.02447552447552448	0.0	0.0	0.0	0.0	0.0	0.0	0.0	0.0	1.0	1.0	1.0	0.0	ok
PRJNA544438	train	275.0	272	275	237	1	False	237	1.0	1.0	1.0	0.0	1.0	1.0	1.0	0.0	0.9620253164556962	0.9620253164556962	0.9620253164556962	0.0	1.0	1.0	1.0	0.0	ok
PRJNA604910	train	264.0	464	464	264	1	False	264	1.0	1.0	1.0	0.0	1.0	1.0	1.0	0.0	1.0	1.0	1.0	0.0	0.01893939393939394	0.01893939393939394	0.01893939393939394	0.0	ok
PRJEB22903	train	261.0	271	281	271	1	False	261	0.0	1.0	1.0	1.0	0.9961685823754789	0.9961685823754789	0.9961685823754789	0.0	0.0	0.0	0.0	0.0	0.0	0.0	0.0	0.0	ok
PRJNA789336	train	258.0	258	258	258	1	False	258	1.0	1.0	1.0	0.0	1.0	1.0	1.0	0.0	1.0	1.0	1.0	0.0	1.0	1.0	1.0	0.0	ok
PRJNA341927	train	244.0	244	244	244	1	False	244	1.0	1.0	1.0	0.0	1.0	1.0	1.0	0.0	0.0	1.0	1.0	1.0	1.0	1.0	1.0	0.0	ok
PRJEB6574	train	227.0	221	227	221	1	False	214	0.8317757009345794	0.8317757009345794	0.8317757009345794	0.0	0.8317757009345794	0.8317757009345794	0.8317757009345794	0.0	0.8317757009345794	0.8317757009345794	0.8317757009345794	0.0	0.8317757009345794	0.8317757009345794	0.8317757009345794	0.0	ok
PRJEB24970	train	224.0	224	224	224	1	False	224	1.0	1.0	1.0	0.0	1.0	1.0	1.0	0.0	1.0	1.0	1.0	0.0	1.0	1.0	1.0	0.0	ok
PRJEB58216	train	209.0	209	217	209	1	False	209	1.0	1.0	1.0	0.0	1.0	1.0	1.0	0.0	1.0	1.0	1.0	0.0	0.0	1.0	1.0	1.0	ok
PRJNA325243	train	204.0	1559	1570	630	1	False	242	1.0	1.0	1.0	0.0	1.0	1.0	0.9959349593495935	0.0	0.9958677685950413	0.9959349593495935	0.9959349593495935	6.719075455219325e-05	0.008264462809917356	0.3983739837398374	0.3983739837398374	0.39010952092992	ok
PRJEB58018	train	201.0	201	201	201	1	False	201	1.0	1.0	1.0	0.0	1.0	1.0	1.0	0.0	1.0	1.0	0.9800995024875622	0.0	0.0	1.0	1.0	1.0	ok
PRJEB30134	train	200.0	760	845	201	1	False	201	0.15920398009950248	1.0	1.0	0.8407960199004976	0.15920398009950248	0.15920398009950248	0.15920398009950248	0.0	0.15920398009950248	0.15920398009950248	0.15920398009950248	0.0	0.15920398009950248	1.0	1.0	0.8407960199004976	ok
PRJEB21277	train	192.0	480	480	193	1	False	194	0.0	0.9896907216494846	0.9896907216494846	0.9896907216494846	0.0	0.0	0.0	0.0	0.0	0.0	0.0	0.0	0.0	0.0	0.0	0.0	ok
PRJNA565795	train	190.0	0	0	0	0	False	190	1.0	1.0	1.0	0.0	1.0	1.0	1.0	0.0	0.8368421052631579	0.837696335078534	0.8324607329842932	0.0008542298153760841	1.0	1.0	1.0	0.0	ok
PRJNA1048341	train	177.0	177	177	177	1	False	177	1.0	1.0	1.0	0.0	1.0	1.0	1.0	0.0	1.0	1.0	1.0	0.0	1.0	1.0	0.0	0.0	ok
PRJNA787062	train	177.0	346	346	192	1	False	192	1.0	1.0	1.0	0.0	1.0	1.0	1.0	0.0	1.0	1.0	1.0	0.0	1.0	1.0	1.0	0.0	ok
PRJNA767944	train	173.0	173	173	173	1	False	173	1.0	1.0	1.0	0.0	0.046242774566473986	1.0	0.953757225433526	0.953757225433526	0.046242774566473986	0.046242774566473986	0.0	0.0	1.0	1.0	1.0	0.0	ok
PRJDB12116	train	168.0	154	154	154	1	False	154	1.0	1.0	1.0	0.0	0.9675324675324676	0.967741935483871	0.967741935483871	0.00020946795140341923	0.0	0.34838709677419355	0.34838709677419355	0.34838709677419355	1.0	1.0	1.0	0.0	ok
PRJDB14656	train	168.0	234	234	234	1	False	0																	ok
PRJDB17849	train	168.0	0	0	0	0	False	0																	ok
PRJEB12699	train	160.0	162	162	143	1	False	141	0.0	1.0	1.0	1.0	0.0	1.0	1.0	1.0	0.0	0.0	0.0	0.0	0.0	1.0	1.0	1.0	ok
PRJNA982859	train	159.0	314	314	183	1	False	183	1.0	0.9508196721311475	0.9508196721311475	-0.049180327868852514	1.0	0.9508196721311475	0.9508196721311475	-0.049180327868852514	0.9508196721311475	0.9508196721311475	0.9508196721311475	0.0	0.9180327868852459	0.0	0.0	-0.9180327868852459	ok
PRJEB22890	train	157.0	157	157	157	1	False	157	1.0	1.0	1.0	0.0	1.0	1.0	1.0	0.0	0.9936305732484076	0.9936305732484076	0.0	0.0	1.0	1.0	1.0	0.0	ok
PRJNA278886	train	156.0	3110	3131	284	1	False	281	0.9893238434163701	0.9893238434163701	0.9893238434163701	0.0	0.9893238434163701	0.9822064056939501	0.8896797153024911	-0.007117437722420017	0.896797153024911	0.896797153024911	0.8896797153024911	0.0	0.9893238434163701	0.9893238434163701	0.9893238434163701	0.0	ok
PRJNA626430	train	156.0	249	255	159	1	False	159	1.0	1.0	1.0	0.0	1.0	1.0	1.0	0.0	1.0	1.0	0.0	0.0	1.0	1.0	1.0	0.0	ok
PRJEB21605	train	148.0	149	150	149	1	False	149	0.0	0.9932885906040269	0.9932885906040269	0.9932885906040269	0.0	0.9932885906040269	0.9932885906040269	0.9932885906040269	0.0	0.9932885906040269	0.9932885906040269	0.9932885906040269	0.0	1.0	1.0	1.0	ok
PRJNA1052047	train	148.0	148	148	148	1	False	148	1.0	1.0	1.0	0.0	1.0	1.0	1.0	0.0	1.0	1.0	1.0	0.0	1.0	1.0	1.0	0.0	ok
PRJNA1133624	train	143.0	730	750	209	1	False	145	1.0	1.0	1.0	0.0	1.0	1.0	1.0	0.0	1.0	1.0	0.9724137931034482	0.0	1.0	1.0	1.0	0.0	ok
PRJNA549322	train	143.0	1422	1461	284	1	False	223	0.9775784753363229	0.9775784753363229	0.9775784753363229	0.0	0.9865470852017937	0.9865470852017937	0.336322869955157	0.0	0.336322869955157	0.336322869955157	0.336322869955157	0.0	0.9865470852017937	0.9865470852017937	0.9865470852017937	0.0	ok
PRJEB64895	train	141.0	142	142	142	1	False	142	1.0	1.0	1.0	0.0	1.0	1.0	1.0	0.0	0.0	0.0	0.0	0.0	0.9929577464788732	0.9929577464788732	0.9929577464788732	0.0	ok
PRJNA804332	train	138.0	160	160	138	1	False	138	1.0	1.0	1.0	0.0	1.0	1.0	1.0	0.0	0.0	1.0	1.0	1.0	1.0	1.0	1.0	0.0	ok
PRJNA1054115	train	137.0	137	149	137	1	False	137	1.0	1.0	1.0	0.0	1.0	1.0	1.0	0.0	1.0	1.0	1.0	0.0	1.0	1.0	1.0	0.0	ok
PRJNA1087366	train	135.0	309	309	135	1	False	135	1.0	1.0	1.0	0.0	1.0	1.0	0.0	0.0	0.0	0.0	0.0	0.0	1.0	1.0	1.0	0.0	ok
PRJNA246471	train	129.0	285	285	135	1	False	131	1.0	1.0	1.0	0.0	0.9923664122137404	0.9923664122137404	0.9923664122137404	0.0	1.0	1.0	1.0	0.0	1.0	1.0	1.0	0.0	ok
PRJNA648389	train	126.0	126	126	126	1	False	126	1.0	1.0	1.0	0.0	1.0	1.0	1.0	0.0	1.0	1.0	1.0	0.0	1.0	1.0	1.0	0.0	ok
PRJEB58136	train	112.0	140	144	140	1	False	138	1.0	1.0	1.0	0.0	1.0	1.0	1.0	0.0	0.8913043478260869	0.8920863309352518	0.6834532374100719	0.0007819831091648854	0.8043478260869565	0.8057553956834532	0.8057553956834532	0.0014075695964966828	ok
PRJNA820335	train	110.0	110	110	110	1	False	110	1.0	1.0	1.0	0.0	1.0	1.0	1.0	0.0	1.0	1.0	1.0	0.0	1.0	1.0	1.0	0.0	ok
PRJEB74083	train	106.0	106	106	106	1	False	106	1.0	1.0	1.0	0.0	1.0	1.0	1.0	0.0	0.0	0.0	0.0	0.0	1.0	1.0	1.0	0.0	ok
PRJNA271899	train	104.0	1219	2800	730	1	False	258	0.7945736434108527	1.0	1.0	0.20542635658914732	0.9883720930232558	1.0	1.0	0.011627906976744207	0.015503875968992248	0.4069767441860465	0.3992248062015504	0.3914728682170543	1.0	1.0	1.0	0.0	ok
PRJEB1800	train	89.0	121	122	121	1	False	121	0.743801652892562	0.743801652892562	0.743801652892562	0.0	0.743801652892562	0.743801652892562	0.743801652892562	0.0	0.743801652892562	0.743801652892562	0.7272727272727273	0.0	0.743801652892562	0.743801652892562	0.743801652892562	0.0	ok
PRJNA351909	train	16.0	58	59	58	1	False	49	1.0	1.0	1.0	0.0	1.0	1.0	1.0	0.0	1.0	1.0	1.0	0.0	1.0	1.0	1.0	0.0	ok
PRJNA475751	train		14702	15052	948	1	False	494	1.0	1.0	1.0	0.0	1.0	1.0	1.0	0.0	0.9676113360323887	0.9676113360323887	0.9433198380566802	0.0	1.0	1.0	1.0	0.0	ok
PRJNA564992	train		813	814	142	1	False	142	1.0	1.0	1.0	0.0	1.0	1.0	1.0	0.0	1.0	1.0	1.0	0.0	1.0	1.0	1.0	0.0	ok
PRJNA789565	train		330	562	330	1	False	330	1.0	1.0	1.0	0.0	1.0	1.0	1.0	0.0	1.0	1.0	1.0	0.0	1.0	1.0	1.0	0.0	ok
PRJEB74192	val	3255.0	3261	3831	3261	9	True	0																	ok
PRJNA857686	val	1345.0	1345	1345	313	1	False	313	0.7348242811501597	0.9968051118210862	0.9968051118210862	0.2619808306709265	1.0	1.0	1.0	0.0	0.7763578274760383	0.7763578274760383	0.11501597444089456	0.0	0.8690095846645367	0.9968051118210862	0.9968051118210862	0.12779552715654952	ok
PRJEB17615	val	1290.0	1284	1290	365	1	False	342	0.0	1.0	1.0	1.0	0.0	0.0	0.0	0.0	0.0	0.0	0.0	0.0	0.0	1.0	1.0	1.0	ok
PRJDB10842	val	1240.0	5144	5387	1482	1	False	1483	1.0	1.0	1.0	0.0	0.9993256911665542	0.9946308724832215	0.9946308724832215	-0.004694818683332769	0.9763991908293999	0.9765100671140939	0.9409395973154362	0.00011087628469408362	1.0	1.0	1.0	0.0	ok
PRJEB29740	val	1072.0	3691	3691	930	1	False	930	0.0	0.8660998937300743	0.8660998937300743	0.8660998937300743	0.0	0.8660998937300743	0.8660998937300743	0.8660998937300743	0.0	0.8660998937300743	0.8034006376195537	0.8660998937300743	0.0	0.9861849096705633	0.9861849096705633	0.9861849096705633	ok
PRJEB50614	val	1072.0	1044	1044	644	1	False	400	0.98	0.98	0.98	0.0	0.0	0.0	0.0	0.0	0.9725	0.9725	0.9575	0.0	0.0	0.0	0.0	0.0	ok
PRJNA604975	val	886.0	4090	4090	910	1	False	43	1.0	1.0	0.7441860465116279	0.0	1.0	1.0	0.7441860465116279	0.0	1.0	1.0	0.7441860465116279	0.0	1.0	1.0	0.7441860465116279	0.0	ok
PRJNA768622	val	769.0	1642	1642	832	1	False	833	1.0	1.0	1.0	0.0	1.0	1.0	1.0	0.0	1.0	1.0	0.6494597839135654	0.0	1.0	1.0	1.0	0.0	ok
PRJNA564424	val	569.0	569	569	537	1	False	537	1.0	1.0	1.0	0.0	1.0	1.0	1.0	0.0	1.0	1.0	1.0	0.0	1.0	1.0	1.0	0.0	ok
PRJNA686897	val	486.0	486	486	452	1	False	452	1.0	1.0	1.0	0.0	0.8827433628318584	0.8827433628318584	0.8827433628318584	0.0	0.8827433628318584	0.8827433628318584	0.8827433628318584	0.0	1.0	1.0	1.0	0.0	ok
PRJEB36683	val	457.0	1820	1820	1820	1	False	335	1.0	1.0	1.0	0.0	1.0	1.0	1.0	0.0	1.0	1.0	0.29850746268656714	0.0	0.29850746268656714	0.29850746268656714	0.29850746268656714	0.0	ok
PRJEB29742	val	425.0	555	555	555	1	False	555	0.0	0.7657657657657657	0.7657657657657657	0.7657657657657657	0.0	0.7657657657657657	0.7657657657657657	0.7657657657657657	0.0	0.7423423423423423	0.7315315315315315	0.7423423423423423	0.0	0.7657657657657657	0.7657657657657657	0.7657657657657657	ok
PRJNA557275	val	388.0	340	340	340	1	False	340	1.0	1.0	1.0	0.0	1.0	1.0	1.0	0.0	1.0	1.0	0.9970588235294118	0.0	1.0	1.0	1.0	0.0	ok
PRJEB50822	val	336.0	403	403	376	1	False	376	1.0	1.0	1.0	0.0	1.0	1.0	1.0	0.0	1.0	0.0	0.0	-1.0	0.0	1.0	1.0	1.0	ok
PRJNA996149	val	320.0	320	320	320	1	False	319	0.9968652037617555	0.9686520376175548	0.9686520376175548	-0.028213166144200663	0.9968652037617555	0.9686520376175548	0.0	-0.028213166144200663	0.0	0.0	0.0	0.0	0.9968652037617555	0.9686520376175548	0.9686520376175548	-0.028213166144200663	ok
PRJEB39943	val	313.0	3434	3434	2904	1	False	3257	0.0	0.8392478010312405	0.8392478010312405	0.8392478010312405	0.0	0.8304519259933273	0.8304519259933273	0.8304519259933273	0.0	0.827115559599636	0.8110403397027601	0.827115559599636	0.0	0.8392478010312405	0.8392478010312405	0.8392478010312405	ok
PRJEB42331	val	307.0	167	167	80	1	False	80	1.0	1.0	1.0	0.0	0.0	0.3170731707317073	0.3170731707317073	0.3170731707317073	0.0	0.0	0.0	0.0	0.0	0.0	0.0	0.0	ok
PRJEB15226	val	288.0	1806	1806	288	1	False	288	1.0	1.0	1.0	0.0	0.25	0.25	0.0	0.0	0.0	0.0	0.0	0.0	1.0	1.0	1.0	0.0	ok
PRJNA855907	val	270.0	2147	2215	508	1	False	407	1.0	1.0	1.0	0.0	1.0	1.0	1.0	0.0	0.9754299754299754	0.9754299754299754	0.6904176904176904	0.0	1.0	1.0	1.0	0.0	ok
PRJDB12075	val	241.0	225	241	184	1	False	184	1.0	1.0	1.0	0.0	1.0	1.0	1.0	0.0	0.0	0.07608695652173914	0.07608695652173914	0.07608695652173914	1.0	1.0	1.0	0.0	ok
PRJNA765801	val	213.0	514	514	213	1	False	219	1.0	1.0	1.0	0.0	1.0	1.0	0.0	0.0	0.0	0.0	0.0	0.0	0.0	0.9726027397260274	0.9726027397260274	0.9726027397260274	ok
PRJEB36486	val	203.0	268	268	221	1	False	221	0.0	1.0	1.0	1.0	0.0	1.0	1.0	1.0	0.0	1.0	1.0	1.0	0.0	1.0	1.0	1.0	ok
PRJEB1563	val	198.0	198	198	198	1	False	198	0.0	1.0	1.0	1.0	0.0	0.0	0.0	0.0	0.0	1.0	1.0	1.0	0.0	1.0	1.0	1.0	ok
PRJNA396774	val	177.0	177	177	177	1	False	177	1.0	1.0	1.0	0.0	1.0	1.0	1.0	0.0	1.0	1.0	0.9943502824858758	0.0	1.0	1.0	1.0	0.0	ok
PRJNA395086	val	166.0	166	166	166	1	False	166	1.0	1.0	1.0	0.0	0.9698795180722891	0.9698795180722891	0.9698795180722891	0.0	0.9698795180722891	0.9698795180722891	0.9698795180722891	0.0	1.0	1.0	1.0	0.0	ok
PRJEB39293	val	158.0	422	422	161	1	False	160	1.0	1.0	1.0	0.0	1.0	1.0	1.0	0.0	1.0	1.0	1.0	0.0	0.0	0.9875	0.9875	0.9875	ok
PRJNA835677	val	150.0	150	192	150	1	False	150	1.0	1.0	1.0	0.0	1.0	1.0	1.0	0.0	1.0	1.0	1.0	0.0	1.0	1.0	1.0	0.0	ok
PRJNA646358	val	141.0	207	207	141	1	False	141	1.0	1.0	1.0	0.0	1.0	1.0	1.0	0.0	1.0	1.0	1.0	0.0	1.0	1.0	1.0	0.0	ok
PRJNA885285	val	130.0	406	406	130	1	False	130	1.0	1.0	1.0	0.0	1.0	1.0	1.0	0.0	1.0	1.0	1.0	0.0	1.0	1.0	1.0	0.0	ok
PRJNA978102	val	108.0	108	108	108	1	False	108	1.0	1.0	1.0	0.0	1.0	1.0	1.0	0.0	1.0	1.0	1.0	0.0	1.0	1.0	1.0	0.0	ok
PRJNA641987	val	16.0	16	16	16	1	False	16	1.0	1.0	1.0	0.0	1.0	1.0	1.0	0.0	0.0	0.0	0.0	0.0	1.0	1.0	1.0	0.0	ok
