study_accession	field	n_records	structured_nonnull_frac	verdict
PRJDB10333	country	148	0.0	needs_paper
PRJDB10333	collection_date	148	0.0	needs_paper
PRJDB10333	isolation_source	148	0.0	needs_paper
PRJDB10333	host	148	1.0	answered_by_data
PRJDB10333	cf_status	148	0.0	needs_paper
PRJDB10333	smoking_status	148	0.0	needs_paper
PRJDB10333	ast	148	0.0	needs_paper
PRJDB10566	country	217	1.0	answered_by_data
PRJDB10566	collection_date	217	0.0	needs_paper
PRJDB10566	isolation_source	217	0.0	needs_paper
PRJDB10566	host	217	1.0	answered_by_data
PRJDB10566	cf_status	217	0.0	needs_paper
PRJDB10566	smoking_status	217	0.0	needs_paper
PRJDB10566	ast	217	0.0	needs_paper
PRJDB12235	country	25	1.0	answered_by_data
PRJDB12235	collection_date	25	0.0	needs_paper
PRJDB12235	isolation_source	25	0.0	needs_paper
PRJDB12235	host	25	1.0	answered_by_data
PRJDB12235	cf_status	25	0.0	needs_paper
PRJDB12235	smoking_status	25	0.0	needs_paper
PRJDB12235	ast	25	0.0	needs_paper
PRJDB13427	country	51	1.0	answered_by_data
PRJDB13427	collection_date	51	0.0	needs_paper
PRJDB13427	isolation_source	51	0.0	needs_paper
PRJDB13427	host	51	1.0	answered_by_data
PRJDB13427	cf_status	51	0.0	needs_paper
PRJDB13427	smoking_status	51	0.0	needs_paper
PRJDB13427	ast	51	0.0	needs_paper
PRJDB14511	country	1	1.0	answered_by_data
PRJDB14511	collection_date	1	1.0	answered_by_data
PRJDB14511	isolation_source	1	0.0	needs_paper
PRJDB14511	host	1	0.0	needs_paper
PRJDB14511	cf_status	1	0.0	needs_paper
PRJDB14511	smoking_status	1	0.0	needs_paper
PRJDB14511	ast	1	0.0	needs_paper
PRJDB15290	country	33	1.0	answered_by_data
PRJDB15290	collection_date	33	1.0	answered_by_data
PRJDB15290	isolation_source	33	0.0	needs_paper
PRJDB15290	host	33	1.0	answered_by_data
PRJDB15290	cf_status	33	0.0	needs_paper
PRJDB15290	smoking_status	33	0.0	needs_paper
PRJDB15290	ast	33	0.0	needs_paper
PRJDB17850	country	48	0.0	needs_paper
PRJDB17850	collection_date	48	0.0	needs_paper
PRJDB17850	isolation_source	48	0.0	needs_paper
PRJDB17850	host	48	0.0	needs_paper
PRJDB17850	cf_status	48	0.0	needs_paper
PRJDB17850	smoking_status	48	0.0	needs_paper
PRJDB17850	ast	48	0.0	needs_paper
PRJDB2099	country	1	0.0	needs_paper
PRJDB2099	collection_date	1	0.0	needs_paper
PRJDB2099	isolation_source	1	0.0	needs_paper
PRJDB2099	host	1	0.0	needs_paper
PRJDB2099	cf_status	1	0.0	needs_paper
PRJDB2099	smoking_status	1	0.0	needs_paper
PRJDB2099	ast	1	0.0	needs_paper
PRJDB2362	country	1	0.0	needs_paper
PRJDB2362	collection_date	1	0.0	needs_paper
PRJDB2362	isolation_source	1	0.0	needs_paper
PRJDB2362	host	1	0.0	needs_paper
PRJDB2362	cf_status	1	0.0	needs_paper
PRJDB2362	smoking_status	1	0.0	needs_paper
PRJDB2362	ast	1	0.0	needs_paper
PRJDB7717	country	2	0.0	needs_paper
PRJDB7717	collection_date	2	0.0	needs_paper
PRJDB7717	isolation_source	2	0.0	needs_paper
PRJDB7717	host	2	0.0	needs_paper
PRJDB7717	cf_status	2	0.0	needs_paper
PRJDB7717	smoking_status	2	0.0	needs_paper
PRJDB7717	ast	2	0.0	needs_paper
PRJEB14002	country	162	0.0	needs_paper
PRJEB14002	collection_date	162	0.0	needs_paper
PRJEB14002	isolation_source	162	0.0	needs_paper
PRJEB14002	host	162	0.0	needs_paper
PRJEB14002	cf_status	162	0.0	needs_paper
PRJEB14002	smoking_status	162	0.0	needs_paper
PRJEB14002	ast	162	0.0	needs_paper
PRJEB1520	country	5	1.0	answered_by_data
PRJEB1520	collection_date	5	1.0	answered_by_data
PRJEB1520	isolation_source	5	1.0	answered_by_data
PRJEB1520	host	5	1.0	answered_by_data
PRJEB1520	cf_status	5	0.0	needs_paper
PRJEB1520	smoking_status	5	0.0	needs_paper
PRJEB1520	ast	5	0.0	needs_paper
PRJEB19845	country	10	0.0	needs_paper
PRJEB19845	collection_date	10	0.0	needs_paper
PRJEB19845	isolation_source	10	0.0	needs_paper
PRJEB19845	host	10	0.0	needs_paper
PRJEB19845	cf_status	10	0.0	needs_paper
PRJEB19845	smoking_status	10	0.0	needs_paper
PRJEB19845	ast	10	0.0	needs_paper
PRJEB2779	country	2683	0.688	partial
PRJEB2779	collection_date	2683	0.623	partial
PRJEB2779	isolation_source	2683	0.67	partial
PRJEB2779	host	2683	0.666	partial
PRJEB2779	cf_status	2683	0.351	partial
PRJEB2779	smoking_status	2683	0.0	needs_paper
PRJEB2779	ast	2683	0.0	needs_paper
PRJEB28875	country	32	1.0	answered_by_data
PRJEB28875	collection_date	32	1.0	answered_by_data
PRJEB28875	isolation_source	32	1.0	answered_by_data
PRJEB28875	host	32	1.0	answered_by_data
PRJEB28875	cf_status	32	0.0	needs_paper
PRJEB28875	smoking_status	32	0.0	needs_paper
PRJEB28875	ast	32	0.0	needs_paper
PRJEB31559	country	145	1.0	answered_by_data
PRJEB31559	collection_date	145	1.0	answered_by_data
PRJEB31559	isolation_source	145	1.0	answered_by_data
PRJEB31559	host	145	1.0	answered_by_data
PRJEB31559	cf_status	145	0.979	answered_by_data
PRJEB31559	smoking_status	145	0.0	needs_paper
PRJEB31559	ast	145	0.0	needs_paper
PRJEB33804	country	1	0.0	needs_paper
PRJEB33804	collection_date	1	0.0	needs_paper
PRJEB33804	isolation_source	1	0.0	needs_paper
PRJEB33804	host	1	0.0	needs_paper
PRJEB33804	cf_status	1	0.0	needs_paper
PRJEB33804	smoking_status	1	0.0	needs_paper
PRJEB33804	ast	1	0.0	needs_paper
PRJEB36331	country	60	0.0	needs_paper
PRJEB36331	collection_date	60	0.0	needs_paper
PRJEB36331	isolation_source	60	0.0	needs_paper
PRJEB36331	host	60	0.0	needs_paper
PRJEB36331	cf_status	60	0.0	needs_paper
PRJEB36331	smoking_status	60	0.0	needs_paper
PRJEB36331	ast	60	0.0	needs_paper
PRJEB37730	country	67	1.0	answered_by_data
PRJEB37730	collection_date	67	1.0	answered_by_data
PRJEB37730	isolation_source	67	1.0	answered_by_data
PRJEB37730	host	67	1.0	answered_by_data
PRJEB37730	cf_status	67	0.955	answered_by_data
PRJEB37730	smoking_status	67	0.0	needs_paper
PRJEB37730	ast	67	0.0	needs_paper
PRJEB38893	country	2	1.0	answered_by_data
PRJEB38893	collection_date	2	1.0	answered_by_data
PRJEB38893	isolation_source	2	1.0	answered_by_data
PRJEB38893	host	2	0.5	partial
PRJEB38893	cf_status	2	0.0	needs_paper
PRJEB38893	smoking_status	2	0.0	needs_paper
PRJEB38893	ast	2	0.0	needs_paper
PRJEB39129	country	86	1.0	answered_by_data
PRJEB39129	collection_date	86	1.0	answered_by_data
PRJEB39129	isolation_source	86	1.0	answered_by_data
PRJEB39129	host	86	1.0	answered_by_data
PRJEB39129	cf_status	86	0.0	needs_paper
PRJEB39129	smoking_status	86	0.0	needs_paper
PRJEB39129	ast	86	0.0	needs_paper
PRJEB44160	country	122	0.0	needs_paper
PRJEB44160	collection_date	122	0.0	needs_paper
PRJEB44160	isolation_source	122	0.0	needs_paper
PRJEB44160	host	122	0.0	needs_paper
PRJEB44160	cf_status	122	0.0	needs_paper
PRJEB44160	smoking_status	122	0.0	needs_paper
PRJEB44160	ast	122	0.0	needs_paper
PRJEB50291	country	2	1.0	answered_by_data
PRJEB50291	collection_date	2	1.0	answered_by_data
PRJEB50291	isolation_source	2	1.0	answered_by_data
PRJEB50291	host	2	1.0	answered_by_data
PRJEB50291	cf_status	2	0.0	needs_paper
PRJEB50291	smoking_status	2	0.0	needs_paper
PRJEB50291	ast	2	0.0	needs_paper
PRJEB57933	country	29	0.828	answered_by_data
PRJEB57933	collection_date	29	0.793	partial
PRJEB57933	isolation_source	29	0.0	needs_paper
PRJEB57933	host	29	0.0	needs_paper
PRJEB57933	cf_status	29	0.0	needs_paper
PRJEB57933	smoking_status	29	0.0	needs_paper
PRJEB57933	ast	29	0.0	needs_paper
PRJEB61124	country	52	1.0	answered_by_data
PRJEB61124	collection_date	52	1.0	answered_by_data
PRJEB61124	isolation_source	52	1.0	answered_by_data
PRJEB61124	host	52	1.0	answered_by_data
PRJEB61124	cf_status	52	0.0	needs_paper
PRJEB61124	smoking_status	52	0.0	needs_paper
PRJEB61124	ast	52	0.0	needs_paper
PRJEB64488	country	29	1.0	answered_by_data
PRJEB64488	collection_date	29	1.0	answered_by_data
PRJEB64488	isolation_source	29	0.0	needs_paper
PRJEB64488	host	29	0.0	needs_paper
PRJEB64488	cf_status	29	0.0	needs_paper
PRJEB64488	smoking_status	29	0.0	needs_paper
PRJEB64488	ast	29	0.0	needs_paper
PRJEB6776	country	27	0.0	needs_paper
PRJEB6776	collection_date	27	0.0	needs_paper
PRJEB6776	isolation_source	27	0.0	needs_paper
PRJEB6776	host	27	0.0	needs_paper
PRJEB6776	cf_status	27	0.0	needs_paper
PRJEB6776	smoking_status	27	0.0	needs_paper
PRJEB6776	ast	27	0.0	needs_paper
PRJEB7058	country	189	1.0	answered_by_data
PRJEB7058	collection_date	189	1.0	answered_by_data
PRJEB7058	isolation_source	189	0.995	answered_by_data
PRJEB7058	host	189	0.995	answered_by_data
PRJEB7058	cf_status	189	1.0	answered_by_data
PRJEB7058	smoking_status	189	0.0	needs_paper
PRJEB7058	ast	189	0.0	needs_paper
PRJEB74244	country	3	1.0	answered_by_data
PRJEB74244	collection_date	3	1.0	answered_by_data
PRJEB74244	isolation_source	3	1.0	answered_by_data
PRJEB74244	host	3	1.0	answered_by_data
PRJEB74244	cf_status	3	0.0	needs_paper
PRJEB74244	smoking_status	3	0.0	needs_paper
PRJEB74244	ast	3	0.0	needs_paper
PRJEB85433	country	1	0.0	needs_paper
PRJEB85433	collection_date	1	0.0	needs_paper
PRJEB85433	isolation_source	1	0.0	needs_paper
PRJEB85433	host	1	0.0	needs_paper
PRJEB85433	cf_status	1	0.0	needs_paper
PRJEB85433	smoking_status	1	0.0	needs_paper
PRJEB85433	ast	1	0.0	needs_paper
PRJEB9515	country	45	1.0	answered_by_data
PRJEB9515	collection_date	45	1.0	answered_by_data
PRJEB9515	isolation_source	45	1.0	answered_by_data
PRJEB9515	host	45	1.0	answered_by_data
PRJEB9515	cf_status	45	0.0	needs_paper
PRJEB9515	smoking_status	45	0.0	needs_paper
PRJEB9515	ast	45	0.0	needs_paper
PRJNA1013065	country	1	1.0	answered_by_data
PRJNA1013065	collection_date	1	1.0	answered_by_data
PRJNA1013065	isolation_source	1	1.0	answered_by_data
PRJNA1013065	host	1	0.0	needs_paper
PRJNA1013065	cf_status	1	0.0	needs_paper
PRJNA1013065	smoking_status	1	0.0	needs_paper
PRJNA1013065	ast	1	0.0	needs_paper
PRJNA1019825	country	1	1.0	answered_by_data
PRJNA1019825	collection_date	1	1.0	answered_by_data
PRJNA1019825	isolation_source	1	1.0	answered_by_data
PRJNA1019825	host	1	1.0	answered_by_data
PRJNA1019825	cf_status	1	0.0	needs_paper
PRJNA1019825	smoking_status	1	0.0	needs_paper
PRJNA1019825	ast	1	0.0	needs_paper
PRJNA1036625	country	219	1.0	answered_by_data
PRJNA1036625	collection_date	219	0.909	answered_by_data
PRJNA1036625	isolation_source	219	0.918	answered_by_data
PRJNA1036625	host	219	1.0	answered_by_data
PRJNA1036625	cf_status	219	0.0	needs_paper
PRJNA1036625	smoking_status	219	0.0	needs_paper
PRJNA1036625	ast	219	0.0	needs_paper
PRJNA1040155	country	8	1.0	answered_by_data
PRJNA1040155	collection_date	8	1.0	answered_by_data
PRJNA1040155	isolation_source	8	0.0	needs_paper
PRJNA1040155	host	8	0.0	needs_paper
PRJNA1040155	cf_status	8	0.0	needs_paper
PRJNA1040155	smoking_status	8	0.0	needs_paper
PRJNA1040155	ast	8	0.0	needs_paper
PRJNA1051626	country	31	1.0	answered_by_data
PRJNA1051626	collection_date	31	1.0	answered_by_data
PRJNA1051626	isolation_source	31	1.0	answered_by_data
PRJNA1051626	host	31	1.0	answered_by_data
PRJNA1051626	cf_status	31	0.0	needs_paper
PRJNA1051626	smoking_status	31	0.0	needs_paper
PRJNA1051626	ast	31	0.0	needs_paper
PRJNA1080355	country	32	1.0	answered_by_data
PRJNA1080355	collection_date	32	1.0	answered_by_data
PRJNA1080355	isolation_source	32	0.031	needs_paper
PRJNA1080355	host	32	0.031	needs_paper
PRJNA1080355	cf_status	32	0.0	needs_paper
PRJNA1080355	smoking_status	32	0.0	needs_paper
PRJNA1080355	ast	32	0.0	needs_paper
PRJNA1119444	country	68	1.0	answered_by_data
PRJNA1119444	collection_date	68	1.0	answered_by_data
PRJNA1119444	isolation_source	68	1.0	answered_by_data
PRJNA1119444	host	68	1.0	answered_by_data
PRJNA1119444	cf_status	68	0.0	needs_paper
PRJNA1119444	smoking_status	68	0.0	needs_paper
PRJNA1119444	ast	68	0.0	needs_paper
PRJNA1123827	country	43	1.0	answered_by_data
PRJNA1123827	collection_date	43	1.0	answered_by_data
PRJNA1123827	isolation_source	43	1.0	answered_by_data
PRJNA1123827	host	43	1.0	answered_by_data
PRJNA1123827	cf_status	43	0.0	needs_paper
PRJNA1123827	smoking_status	43	0.0	needs_paper
PRJNA1123827	ast	43	0.0	needs_paper
PRJNA1133902	country	2	1.0	answered_by_data
PRJNA1133902	collection_date	2	1.0	answered_by_data
PRJNA1133902	isolation_source	2	1.0	answered_by_data
PRJNA1133902	host	2	1.0	answered_by_data
PRJNA1133902	cf_status	2	0.0	needs_paper
PRJNA1133902	smoking_status	2	0.0	needs_paper
PRJNA1133902	ast	2	0.0	needs_paper
PRJNA1136428	country	4	0.0	needs_paper
PRJNA1136428	collection_date	4	1.0	answered_by_data
PRJNA1136428	isolation_source	4	1.0	answered_by_data
PRJNA1136428	host	4	1.0	answered_by_data
PRJNA1136428	cf_status	4	0.0	needs_paper
PRJNA1136428	smoking_status	4	0.0	needs_paper
PRJNA1136428	ast	4	0.0	needs_paper
PRJNA1165220	country	182	1.0	answered_by_data
PRJNA1165220	collection_date	182	1.0	answered_by_data
PRJNA1165220	isolation_source	182	0.0	needs_paper
PRJNA1165220	host	182	1.0	answered_by_data
PRJNA1165220	cf_status	182	0.0	needs_paper
PRJNA1165220	smoking_status	182	0.0	needs_paper
PRJNA1165220	ast	182	0.0	needs_paper
PRJNA1169404	country	4	1.0	answered_by_data
PRJNA1169404	collection_date	4	1.0	answered_by_data
PRJNA1169404	isolation_source	4	1.0	answered_by_data
PRJNA1169404	host	4	1.0	answered_by_data
PRJNA1169404	cf_status	4	0.0	needs_paper
PRJNA1169404	smoking_status	4	0.0	needs_paper
PRJNA1169404	ast	4	0.0	needs_paper
PRJNA1169681	country	3	0.0	needs_paper
PRJNA1169681	collection_date	3	0.0	needs_paper
PRJNA1169681	isolation_source	3	0.0	needs_paper
PRJNA1169681	host	3	0.0	needs_paper
PRJNA1169681	cf_status	3	0.0	needs_paper
PRJNA1169681	smoking_status	3	0.0	needs_paper
PRJNA1169681	ast	3	0.0	needs_paper
PRJNA1177655	country	5	1.0	answered_by_data
PRJNA1177655	collection_date	5	1.0	answered_by_data
PRJNA1177655	isolation_source	5	0.0	needs_paper
PRJNA1177655	host	5	1.0	answered_by_data
PRJNA1177655	cf_status	5	0.0	needs_paper
PRJNA1177655	smoking_status	5	0.0	needs_paper
PRJNA1177655	ast	5	0.0	needs_paper
PRJNA1209868	country	19	1.0	answered_by_data
PRJNA1209868	collection_date	19	1.0	answered_by_data
PRJNA1209868	isolation_source	19	1.0	answered_by_data
PRJNA1209868	host	19	0.0	needs_paper
PRJNA1209868	cf_status	19	0.0	needs_paper
PRJNA1209868	smoking_status	19	0.0	needs_paper
PRJNA1209868	ast	19	0.0	needs_paper
PRJNA1211657	country	43	1.0	answered_by_data
PRJNA1211657	collection_date	43	1.0	answered_by_data
PRJNA1211657	isolation_source	43	1.0	answered_by_data
PRJNA1211657	host	43	0.953	answered_by_data
PRJNA1211657	cf_status	43	0.0	needs_paper
PRJNA1211657	smoking_status	43	0.0	needs_paper
PRJNA1211657	ast	43	0.0	needs_paper
PRJNA1215975	country	11	1.0	answered_by_data
PRJNA1215975	collection_date	11	1.0	answered_by_data
PRJNA1215975	isolation_source	11	0.909	answered_by_data
PRJNA1215975	host	11	1.0	answered_by_data
PRJNA1215975	cf_status	11	0.0	needs_paper
PRJNA1215975	smoking_status	11	0.0	needs_paper
PRJNA1215975	ast	11	0.0	needs_paper
PRJNA1215977	country	2	1.0	answered_by_data
PRJNA1215977	collection_date	2	1.0	answered_by_data
PRJNA1215977	isolation_source	2	1.0	answered_by_data
PRJNA1215977	host	2	1.0	answered_by_data
PRJNA1215977	cf_status	2	0.0	needs_paper
PRJNA1215977	smoking_status	2	0.0	needs_paper
PRJNA1215977	ast	2	0.0	needs_paper
PRJNA1221978	country	8	1.0	answered_by_data
PRJNA1221978	collection_date	8	0.75	partial
PRJNA1221978	isolation_source	8	0.0	needs_paper
PRJNA1221978	host	8	0.0	needs_paper
PRJNA1221978	cf_status	8	0.0	needs_paper
PRJNA1221978	smoking_status	8	0.0	needs_paper
PRJNA1221978	ast	8	0.0	needs_paper
PRJNA1236821	country	21	1.0	answered_by_data
PRJNA1236821	collection_date	21	0.0	needs_paper
PRJNA1236821	isolation_source	21	1.0	answered_by_data
PRJNA1236821	host	21	1.0	answered_by_data
PRJNA1236821	cf_status	21	0.0	needs_paper
PRJNA1236821	smoking_status	21	0.0	needs_paper
PRJNA1236821	ast	21	0.0	needs_paper
PRJNA1238535	country	1	1.0	answered_by_data
PRJNA1238535	collection_date	1	1.0	answered_by_data
PRJNA1238535	isolation_source	1	1.0	answered_by_data
PRJNA1238535	host	1	0.0	needs_paper
PRJNA1238535	cf_status	1	0.0	needs_paper
PRJNA1238535	smoking_status	1	0.0	needs_paper
PRJNA1238535	ast	1	0.0	needs_paper
PRJNA184888	country	1	0.0	needs_paper
PRJNA184888	collection_date	1	0.0	needs_paper
PRJNA184888	isolation_source	1	0.0	needs_paper
PRJNA184888	host	1	0.0	needs_paper
PRJNA184888	cf_status	1	0.0	needs_paper
PRJNA184888	smoking_status	1	0.0	needs_paper
PRJNA184888	ast	1	0.0	needs_paper
PRJNA191785	country	10	0.0	needs_paper
PRJNA191785	collection_date	10	0.0	needs_paper
PRJNA191785	isolation_source	10	0.0	needs_paper
PRJNA191785	host	10	0.0	needs_paper
PRJNA191785	cf_status	10	0.0	needs_paper
PRJNA191785	smoking_status	10	0.0	needs_paper
PRJNA191785	ast	10	0.0	needs_paper
PRJNA191786	country	10	0.0	needs_paper
PRJNA191786	collection_date	10	0.0	needs_paper
PRJNA191786	isolation_source	10	0.0	needs_paper
PRJNA191786	host	10	0.0	needs_paper
PRJNA191786	cf_status	10	0.0	needs_paper
PRJNA191786	smoking_status	10	0.0	needs_paper
PRJNA191786	ast	10	0.0	needs_paper
PRJNA191787	country	10	0.0	needs_paper
PRJNA191787	collection_date	10	0.0	needs_paper
PRJNA191787	isolation_source	10	0.0	needs_paper
PRJNA191787	host	10	0.0	needs_paper
PRJNA191787	cf_status	10	0.0	needs_paper
PRJNA191787	smoking_status	10	0.0	needs_paper
PRJNA191787	ast	10	0.0	needs_paper
PRJNA191788	country	10	0.0	needs_paper
PRJNA191788	collection_date	10	0.0	needs_paper
PRJNA191788	isolation_source	10	0.0	needs_paper
PRJNA191788	host	10	0.0	needs_paper
PRJNA191788	cf_status	10	0.0	needs_paper
PRJNA191788	smoking_status	10	0.0	needs_paper
PRJNA191788	ast	10	0.0	needs_paper
PRJNA191789	country	10	0.0	needs_paper
PRJNA191789	collection_date	10	0.0	needs_paper
PRJNA191789	isolation_source	10	0.0	needs_paper
PRJNA191789	host	10	0.0	needs_paper
PRJNA191789	cf_status	10	0.0	needs_paper
PRJNA191789	smoking_status	10	0.0	needs_paper
PRJNA191789	ast	10	0.0	needs_paper
PRJNA203564	country	10	0.0	needs_paper
PRJNA203564	collection_date	10	0.0	needs_paper
PRJNA203564	isolation_source	10	0.0	needs_paper
PRJNA203564	host	10	0.0	needs_paper
PRJNA203564	cf_status	10	0.0	needs_paper
PRJNA203564	smoking_status	10	0.0	needs_paper
PRJNA203564	ast	10	0.0	needs_paper
PRJNA203565	country	10	0.0	needs_paper
PRJNA203565	collection_date	10	0.0	needs_paper
PRJNA203565	isolation_source	10	0.0	needs_paper
PRJNA203565	host	10	0.0	needs_paper
PRJNA203565	cf_status	10	0.0	needs_paper
PRJNA203565	smoking_status	10	0.0	needs_paper
PRJNA203565	ast	10	0.0	needs_paper
PRJNA203566	country	10	0.0	needs_paper
PRJNA203566	collection_date	10	0.0	needs_paper
PRJNA203566	isolation_source	10	0.0	needs_paper
PRJNA203566	host	10	0.0	needs_paper
PRJNA203566	cf_status	10	0.0	needs_paper
PRJNA203566	smoking_status	10	0.0	needs_paper
PRJNA203566	ast	10	0.0	needs_paper
PRJNA203567	country	4	0.0	needs_paper
PRJNA203567	collection_date	4	0.0	needs_paper
PRJNA203567	isolation_source	4	0.0	needs_paper
PRJNA203567	host	4	0.0	needs_paper
PRJNA203567	cf_status	4	0.0	needs_paper
PRJNA203567	smoking_status	4	0.0	needs_paper
PRJNA203567	ast	4	0.0	needs_paper
PRJNA203569	country	10	0.0	needs_paper
PRJNA203569	collection_date	10	0.0	needs_paper
PRJNA203569	isolation_source	10	0.0	needs_paper
PRJNA203569	host	10	0.0	needs_paper
PRJNA203569	cf_status	10	0.0	needs_paper
PRJNA203569	smoking_status	10	0.0	needs_paper
PRJNA203569	ast	10	0.0	needs_paper
PRJNA203570	country	4	0.0	needs_paper
PRJNA203570	collection_date	4	0.0	needs_paper
PRJNA203570	isolation_source	4	0.0	needs_paper
PRJNA203570	host	4	0.0	needs_paper
PRJNA203570	cf_status	4	0.0	needs_paper
PRJNA203570	smoking_status	4	0.0	needs_paper
PRJNA203570	ast	4	0.0	needs_paper
PRJNA203571	country	10	0.0	needs_paper
PRJNA203571	collection_date	10	0.0	needs_paper
PRJNA203571	isolation_source	10	0.0	needs_paper
PRJNA203571	host	10	0.0	needs_paper
PRJNA203571	cf_status	10	0.0	needs_paper
PRJNA203571	smoking_status	10	0.0	needs_paper
PRJNA203571	ast	10	0.0	needs_paper
PRJNA203572	country	10	0.0	needs_paper
PRJNA203572	collection_date	10	0.0	needs_paper
PRJNA203572	isolation_source	10	0.0	needs_paper
PRJNA203572	host	10	0.0	needs_paper
PRJNA203572	cf_status	10	0.0	needs_paper
PRJNA203572	smoking_status	10	0.0	needs_paper
PRJNA203572	ast	10	0.0	needs_paper
PRJNA231221	country	11	1.0	answered_by_data
PRJNA231221	collection_date	11	0.0	needs_paper
PRJNA231221	isolation_source	11	0.273	partial
PRJNA231221	host	11	0.0	needs_paper
PRJNA231221	cf_status	11	0.0	needs_paper
PRJNA231221	smoking_status	11	0.0	needs_paper
PRJNA231221	ast	11	0.0	needs_paper
PRJNA268101	country	9	1.0	answered_by_data
PRJNA268101	collection_date	9	1.0	answered_by_data
PRJNA268101	isolation_source	9	1.0	answered_by_data
PRJNA268101	host	9	1.0	answered_by_data
PRJNA268101	cf_status	9	0.0	needs_paper
PRJNA268101	smoking_status	9	0.0	needs_paper
PRJNA268101	ast	9	0.0	needs_paper
PRJNA297030	country	10	1.0	answered_by_data
PRJNA297030	collection_date	10	1.0	answered_by_data
PRJNA297030	isolation_source	10	0.8	answered_by_data
PRJNA297030	host	10	0.6	partial
PRJNA297030	cf_status	10	0.0	needs_paper
PRJNA297030	smoking_status	10	0.0	needs_paper
PRJNA297030	ast	10	0.0	needs_paper
PRJNA315990	country	39	1.0	answered_by_data
PRJNA315990	collection_date	39	1.0	answered_by_data
PRJNA315990	isolation_source	39	0.333	partial
PRJNA315990	host	39	1.0	answered_by_data
PRJNA315990	cf_status	39	0.0	needs_paper
PRJNA315990	smoking_status	39	0.0	needs_paper
PRJNA315990	ast	39	0.0	needs_paper
PRJNA319839	country	619	1.0	answered_by_data
PRJNA319839	collection_date	619	1.0	answered_by_data
PRJNA319839	isolation_source	619	1.0	answered_by_data
PRJNA319839	host	619	1.0	answered_by_data
PRJNA319839	cf_status	619	0.317	partial
PRJNA319839	smoking_status	619	0.0	needs_paper
PRJNA319839	ast	619	0.0	needs_paper
PRJNA323571	country	2	1.0	answered_by_data
PRJNA323571	collection_date	2	0.0	needs_paper
PRJNA323571	isolation_source	2	0.5	partial
PRJNA323571	host	2	1.0	answered_by_data
PRJNA323571	cf_status	2	0.0	needs_paper
PRJNA323571	smoking_status	2	0.0	needs_paper
PRJNA323571	ast	2	0.0	needs_paper
PRJNA347845	country	2	0.5	partial
PRJNA347845	collection_date	2	0.5	partial
PRJNA347845	isolation_source	2	0.5	partial
PRJNA347845	host	2	0.5	partial
PRJNA347845	cf_status	2	0.0	needs_paper
PRJNA347845	smoking_status	2	0.0	needs_paper
PRJNA347845	ast	2	0.0	needs_paper
PRJNA353361	country	29	0.0	needs_paper
PRJNA353361	collection_date	29	0.0	needs_paper
PRJNA353361	isolation_source	29	0.0	needs_paper
PRJNA353361	host	29	0.0	needs_paper
PRJNA353361	cf_status	29	0.0	needs_paper
PRJNA353361	smoking_status	29	0.0	needs_paper
PRJNA353361	ast	29	0.0	needs_paper
PRJNA401495	country	1	1.0	answered_by_data
PRJNA401495	collection_date	1	1.0	answered_by_data
PRJNA401495	isolation_source	1	0.0	needs_paper
PRJNA401495	host	1	1.0	answered_by_data
PRJNA401495	cf_status	1	0.0	needs_paper
PRJNA401495	smoking_status	1	0.0	needs_paper
PRJNA401495	ast	1	0.0	needs_paper
PRJNA401515	country	118	1.0	answered_by_data
PRJNA401515	collection_date	118	1.0	answered_by_data
PRJNA401515	isolation_source	118	1.0	answered_by_data
PRJNA401515	host	118	1.0	answered_by_data
PRJNA401515	cf_status	118	0.0	needs_paper
PRJNA401515	smoking_status	118	0.0	needs_paper
PRJNA401515	ast	118	0.0	needs_paper
PRJNA420644	country	85	1.0	answered_by_data
PRJNA420644	collection_date	85	0.882	answered_by_data
PRJNA420644	isolation_source	85	1.0	answered_by_data
PRJNA420644	host	85	1.0	answered_by_data
PRJNA420644	cf_status	85	0.0	needs_paper
PRJNA420644	smoking_status	85	0.0	needs_paper
PRJNA420644	ast	85	0.0	needs_paper
PRJNA439313	country	17	1.0	answered_by_data
PRJNA439313	collection_date	17	1.0	answered_by_data
PRJNA439313	isolation_source	17	1.0	answered_by_data
PRJNA439313	host	17	1.0	answered_by_data
PRJNA439313	cf_status	17	1.0	answered_by_data
PRJNA439313	smoking_status	17	0.0	needs_paper
PRJNA439313	ast	17	0.0	needs_paper
PRJNA523365	country	76	1.0	answered_by_data
PRJNA523365	collection_date	76	0.0	needs_paper
PRJNA523365	isolation_source	76	0.0	needs_paper
PRJNA523365	host	76	1.0	answered_by_data
PRJNA523365	cf_status	76	0.0	needs_paper
PRJNA523365	smoking_status	76	0.0	needs_paper
PRJNA523365	ast	76	0.0	needs_paper
PRJNA542112	country	24	1.0	answered_by_data
PRJNA542112	collection_date	24	1.0	answered_by_data
PRJNA542112	isolation_source	24	1.0	answered_by_data
PRJNA542112	host	24	1.0	answered_by_data
PRJNA542112	cf_status	24	0.0	needs_paper
PRJNA542112	smoking_status	24	0.0	needs_paper
PRJNA542112	ast	24	0.0	needs_paper
PRJNA566387	country	1	1.0	answered_by_data
PRJNA566387	collection_date	1	1.0	answered_by_data
PRJNA566387	isolation_source	1	1.0	answered_by_data
PRJNA566387	host	1	1.0	answered_by_data
PRJNA566387	cf_status	1	0.0	needs_paper
PRJNA566387	smoking_status	1	0.0	needs_paper
PRJNA566387	ast	1	0.0	needs_paper
PRJNA65137	country	2	0.0	needs_paper
PRJNA65137	collection_date	2	0.0	needs_paper
PRJNA65137	isolation_source	2	0.0	needs_paper
PRJNA65137	host	2	0.0	needs_paper
PRJNA65137	cf_status	2	0.0	needs_paper
PRJNA65137	smoking_status	2	0.0	needs_paper
PRJNA65137	ast	2	0.0	needs_paper
PRJNA65139	country	2	0.0	needs_paper
PRJNA65139	collection_date	2	0.0	needs_paper
PRJNA65139	isolation_source	2	0.0	needs_paper
PRJNA65139	host	2	0.0	needs_paper
PRJNA65139	cf_status	2	0.0	needs_paper
PRJNA65139	smoking_status	2	0.0	needs_paper
PRJNA65139	ast	2	0.0	needs_paper
PRJNA65143	country	3	0.0	needs_paper
PRJNA65143	collection_date	3	0.0	needs_paper
PRJNA65143	isolation_source	3	0.0	needs_paper
PRJNA65143	host	3	0.0	needs_paper
PRJNA65143	cf_status	3	0.0	needs_paper
PRJNA65143	smoking_status	3	0.0	needs_paper
PRJNA65143	ast	3	0.0	needs_paper
PRJNA65145	country	2	0.0	needs_paper
PRJNA65145	collection_date	2	0.0	needs_paper
PRJNA65145	isolation_source	2	0.0	needs_paper
PRJNA65145	host	2	0.0	needs_paper
PRJNA65145	cf_status	2	0.0	needs_paper
PRJNA65145	smoking_status	2	0.0	needs_paper
PRJNA65145	ast	2	0.0	needs_paper
PRJNA65147	country	2	0.0	needs_paper
PRJNA65147	collection_date	2	0.0	needs_paper
PRJNA65147	isolation_source	2	0.0	needs_paper
PRJNA65147	host	2	0.0	needs_paper
PRJNA65147	cf_status	2	0.0	needs_paper
PRJNA65147	smoking_status	2	0.0	needs_paper
PRJNA65147	ast	2	0.0	needs_paper
PRJNA65149	country	2	0.0	needs_paper
PRJNA65149	collection_date	2	0.0	needs_paper
PRJNA65149	isolation_source	2	0.0	needs_paper
PRJNA65149	host	2	0.0	needs_paper
PRJNA65149	cf_status	2	0.0	needs_paper
PRJNA65149	smoking_status	2	0.0	needs_paper
PRJNA65149	ast	2	0.0	needs_paper
PRJNA65151	country	3	0.0	needs_paper
PRJNA65151	collection_date	3	0.0	needs_paper
PRJNA65151	isolation_source	3	0.0	needs_paper
PRJNA65151	host	3	0.0	needs_paper
PRJNA65151	cf_status	3	0.0	needs_paper
PRJNA65151	smoking_status	3	0.0	needs_paper
PRJNA65151	ast	3	0.0	needs_paper
PRJNA65153	country	2	0.0	needs_paper
PRJNA65153	collection_date	2	0.0	needs_paper
PRJNA65153	isolation_source	2	0.0	needs_paper
PRJNA65153	host	2	0.0	needs_paper
PRJNA65153	cf_status	2	0.0	needs_paper
PRJNA65153	smoking_status	2	0.0	needs_paper
PRJNA65153	ast	2	0.0	needs_paper
PRJNA65155	country	3	0.0	needs_paper
PRJNA65155	collection_date	3	0.0	needs_paper
PRJNA65155	isolation_source	3	0.0	needs_paper
PRJNA65155	host	3	0.0	needs_paper
PRJNA65155	cf_status	3	0.0	needs_paper
PRJNA65155	smoking_status	3	0.0	needs_paper
PRJNA65155	ast	3	0.0	needs_paper
PRJNA65157	country	2	0.0	needs_paper
PRJNA65157	collection_date	2	0.0	needs_paper
PRJNA65157	isolation_source	2	0.0	needs_paper
PRJNA65157	host	2	0.0	needs_paper
PRJNA65157	cf_status	2	0.0	needs_paper
PRJNA65157	smoking_status	2	0.0	needs_paper
PRJNA65157	ast	2	0.0	needs_paper
PRJNA65159	country	3	0.0	needs_paper
PRJNA65159	collection_date	3	0.0	needs_paper
PRJNA65159	isolation_source	3	0.0	needs_paper
PRJNA65159	host	3	0.0	needs_paper
PRJNA65159	cf_status	3	0.0	needs_paper
PRJNA65159	smoking_status	3	0.0	needs_paper
PRJNA65159	ast	3	0.0	needs_paper
PRJNA65161	country	2	0.0	needs_paper
PRJNA65161	collection_date	2	0.0	needs_paper
PRJNA65161	isolation_source	2	0.0	needs_paper
PRJNA65161	host	2	0.0	needs_paper
PRJNA65161	cf_status	2	0.0	needs_paper
PRJNA65161	smoking_status	2	0.0	needs_paper
PRJNA65161	ast	2	0.0	needs_paper
PRJNA65163	country	2	0.0	needs_paper
PRJNA65163	collection_date	2	0.0	needs_paper
PRJNA65163	isolation_source	2	0.0	needs_paper
PRJNA65163	host	2	0.0	needs_paper
PRJNA65163	cf_status	2	0.0	needs_paper
PRJNA65163	smoking_status	2	0.0	needs_paper
PRJNA65163	ast	2	0.0	needs_paper
PRJNA65165	country	2	0.0	needs_paper
PRJNA65165	collection_date	2	0.0	needs_paper
PRJNA65165	isolation_source	2	0.0	needs_paper
PRJNA65165	host	2	0.0	needs_paper
PRJNA65165	cf_status	2	0.0	needs_paper
PRJNA65165	smoking_status	2	0.0	needs_paper
PRJNA65165	ast	2	0.0	needs_paper
PRJNA65167	country	2	0.0	needs_paper
PRJNA65167	collection_date	2	0.0	needs_paper
PRJNA65167	isolation_source	2	0.0	needs_paper
PRJNA65167	host	2	0.0	needs_paper
PRJNA65167	cf_status	2	0.0	needs_paper
PRJNA65167	smoking_status	2	0.0	needs_paper
PRJNA65167	ast	2	0.0	needs_paper
PRJNA65169	country	2	0.0	needs_paper
PRJNA65169	collection_date	2	0.0	needs_paper
PRJNA65169	isolation_source	2	0.0	needs_paper
PRJNA65169	host	2	0.0	needs_paper
PRJNA65169	cf_status	2	0.0	needs_paper
PRJNA65169	smoking_status	2	0.0	needs_paper
PRJNA65169	ast	2	0.0	needs_paper
PRJNA65171	country	2	0.0	needs_paper
PRJNA65171	collection_date	2	0.0	needs_paper
PRJNA65171	isolation_source	2	0.0	needs_paper
PRJNA65171	host	2	0.0	needs_paper
PRJNA65171	cf_status	2	0.0	needs_paper
PRJNA65171	smoking_status	2	0.0	needs_paper
PRJNA65171	ast	2	0.0	needs_paper
PRJNA65187	country	2	0.0	needs_paper
PRJNA65187	collection_date	2	0.0	needs_paper
PRJNA65187	isolation_source	2	0.0	needs_paper
PRJNA65187	host	2	0.0	needs_paper
PRJNA65187	cf_status	2	0.0	needs_paper
PRJNA65187	smoking_status	2	0.0	needs_paper
PRJNA65187	ast	2	0.0	needs_paper
PRJNA65191	country	2	0.0	needs_paper
PRJNA65191	collection_date	2	0.0	needs_paper
PRJNA65191	isolation_source	2	0.0	needs_paper
PRJNA65191	host	2	0.0	needs_paper
PRJNA65191	cf_status	2	0.0	needs_paper
PRJNA65191	smoking_status	2	0.0	needs_paper
PRJNA65191	ast	2	0.0	needs_paper
PRJNA65193	country	2	0.0	needs_paper
PRJNA65193	collection_date	2	0.0	needs_paper
PRJNA65193	isolation_source	2	0.0	needs_paper
PRJNA65193	host	2	0.0	needs_paper
PRJNA65193	cf_status	2	0.0	needs_paper
PRJNA65193	smoking_status	2	0.0	needs_paper
PRJNA65193	ast	2	0.0	needs_paper
PRJNA65195	country	2	0.0	needs_paper
PRJNA65195	collection_date	2	0.0	needs_paper
PRJNA65195	isolation_source	2	0.0	needs_paper
PRJNA65195	host	2	0.0	needs_paper
PRJNA65195	cf_status	2	0.0	needs_paper
PRJNA65195	smoking_status	2	0.0	needs_paper
PRJNA65195	ast	2	0.0	needs_paper
PRJNA65197	country	2	0.0	needs_paper
PRJNA65197	collection_date	2	0.0	needs_paper
PRJNA65197	isolation_source	2	0.0	needs_paper
PRJNA65197	host	2	0.0	needs_paper
PRJNA65197	cf_status	2	0.0	needs_paper
PRJNA65197	smoking_status	2	0.0	needs_paper
PRJNA65197	ast	2	0.0	needs_paper
PRJNA65199	country	2	0.0	needs_paper
PRJNA65199	collection_date	2	0.0	needs_paper
PRJNA65199	isolation_source	2	0.0	needs_paper
PRJNA65199	host	2	0.0	needs_paper
PRJNA65199	cf_status	2	0.0	needs_paper
PRJNA65199	smoking_status	2	0.0	needs_paper
PRJNA65199	ast	2	0.0	needs_paper
PRJNA65203	country	2	0.0	needs_paper
PRJNA65203	collection_date	2	0.0	needs_paper
PRJNA65203	isolation_source	2	0.0	needs_paper
PRJNA65203	host	2	0.0	needs_paper
PRJNA65203	cf_status	2	0.0	needs_paper
PRJNA65203	smoking_status	2	0.0	needs_paper
PRJNA65203	ast	2	0.0	needs_paper
PRJNA65205	country	3	0.0	needs_paper
PRJNA65205	collection_date	3	0.0	needs_paper
PRJNA65205	isolation_source	3	0.0	needs_paper
PRJNA65205	host	3	0.0	needs_paper
PRJNA65205	cf_status	3	0.0	needs_paper
PRJNA65205	smoking_status	3	0.0	needs_paper
PRJNA65205	ast	3	0.0	needs_paper
PRJNA65207	country	2	0.0	needs_paper
PRJNA65207	collection_date	2	0.0	needs_paper
PRJNA65207	isolation_source	2	0.0	needs_paper
PRJNA65207	host	2	0.0	needs_paper
PRJNA65207	cf_status	2	0.0	needs_paper
PRJNA65207	smoking_status	2	0.0	needs_paper
PRJNA65207	ast	2	0.0	needs_paper
PRJNA65209	country	2	0.0	needs_paper
PRJNA65209	collection_date	2	0.0	needs_paper
PRJNA65209	isolation_source	2	0.0	needs_paper
PRJNA65209	host	2	0.0	needs_paper
PRJNA65209	cf_status	2	0.0	needs_paper
PRJNA65209	smoking_status	2	0.0	needs_paper
PRJNA65209	ast	2	0.0	needs_paper
PRJNA65211	country	3	0.0	needs_paper
PRJNA65211	collection_date	3	0.0	needs_paper
PRJNA65211	isolation_source	3	0.0	needs_paper
PRJNA65211	host	3	0.0	needs_paper
PRJNA65211	cf_status	3	0.0	needs_paper
PRJNA65211	smoking_status	3	0.0	needs_paper
PRJNA65211	ast	3	0.0	needs_paper
PRJNA65213	country	2	0.0	needs_paper
PRJNA65213	collection_date	2	0.0	needs_paper
PRJNA65213	isolation_source	2	0.0	needs_paper
PRJNA65213	host	2	0.0	needs_paper
PRJNA65213	cf_status	2	0.0	needs_paper
PRJNA65213	smoking_status	2	0.0	needs_paper
PRJNA65213	ast	2	0.0	needs_paper
PRJNA65215	country	2	0.0	needs_paper
PRJNA65215	collection_date	2	0.0	needs_paper
PRJNA65215	isolation_source	2	0.0	needs_paper
PRJNA65215	host	2	0.0	needs_paper
PRJNA65215	cf_status	2	0.0	needs_paper
PRJNA65215	smoking_status	2	0.0	needs_paper
PRJNA65215	ast	2	0.0	needs_paper
PRJNA656566	country	11	1.0	answered_by_data
PRJNA656566	collection_date	11	1.0	answered_by_data
PRJNA656566	isolation_source	11	1.0	answered_by_data
PRJNA656566	host	11	0.818	answered_by_data
PRJNA656566	cf_status	11	0.0	needs_paper
PRJNA656566	smoking_status	11	0.0	needs_paper
PRJNA656566	ast	11	0.0	needs_paper
PRJNA672126	country	4	1.0	answered_by_data
PRJNA672126	collection_date	4	1.0	answered_by_data
PRJNA672126	isolation_source	4	1.0	answered_by_data
PRJNA672126	host	4	1.0	answered_by_data
PRJNA672126	cf_status	4	0.0	needs_paper
PRJNA672126	smoking_status	4	0.0	needs_paper
PRJNA672126	ast	4	0.0	needs_paper
PRJNA691364	country	34	1.0	answered_by_data
PRJNA691364	collection_date	34	1.0	answered_by_data
PRJNA691364	isolation_source	34	1.0	answered_by_data
PRJNA691364	host	34	1.0	answered_by_data
PRJNA691364	cf_status	34	0.0	needs_paper
PRJNA691364	smoking_status	34	0.0	needs_paper
PRJNA691364	ast	34	0.0	needs_paper
PRJNA698640	country	11	1.0	answered_by_data
PRJNA698640	collection_date	11	1.0	answered_by_data
PRJNA698640	isolation_source	11	0.0	needs_paper
PRJNA698640	host	11	1.0	answered_by_data
PRJNA698640	cf_status	11	0.0	needs_paper
PRJNA698640	smoking_status	11	0.0	needs_paper
PRJNA698640	ast	11	0.0	needs_paper
PRJNA698643	country	5	1.0	answered_by_data
PRJNA698643	collection_date	5	0.0	needs_paper
PRJNA698643	isolation_source	5	0.0	needs_paper
PRJNA698643	host	5	1.0	answered_by_data
PRJNA698643	cf_status	5	0.0	needs_paper
PRJNA698643	smoking_status	5	0.0	needs_paper
PRJNA698643	ast	5	0.0	needs_paper
PRJNA716753	country	2	1.0	answered_by_data
PRJNA716753	collection_date	2	1.0	answered_by_data
PRJNA716753	isolation_source	2	1.0	answered_by_data
PRJNA716753	host	2	1.0	answered_by_data
PRJNA716753	cf_status	2	0.0	needs_paper
PRJNA716753	smoking_status	2	0.0	needs_paper
PRJNA716753	ast	2	0.0	needs_paper
PRJNA718117	country	44	1.0	answered_by_data
PRJNA718117	collection_date	44	1.0	answered_by_data
PRJNA718117	isolation_source	44	0.864	answered_by_data
PRJNA718117	host	44	0.25	partial
PRJNA718117	cf_status	44	0.0	needs_paper
PRJNA718117	smoking_status	44	0.0	needs_paper
PRJNA718117	ast	44	0.0	needs_paper
PRJNA734660	country	203	1.0	answered_by_data
PRJNA734660	collection_date	203	1.0	answered_by_data
PRJNA734660	isolation_source	203	1.0	answered_by_data
PRJNA734660	host	203	1.0	answered_by_data
PRJNA734660	cf_status	203	0.0	needs_paper
PRJNA734660	smoking_status	203	0.0	needs_paper
PRJNA734660	ast	203	0.0	needs_paper
PRJNA734909	country	19	1.0	answered_by_data
PRJNA734909	collection_date	19	1.0	answered_by_data
PRJNA734909	isolation_source	19	1.0	answered_by_data
PRJNA734909	host	19	0.789	partial
PRJNA734909	cf_status	19	0.0	needs_paper
PRJNA734909	smoking_status	19	0.0	needs_paper
PRJNA734909	ast	19	0.0	needs_paper
PRJNA734948	country	15	1.0	answered_by_data
PRJNA734948	collection_date	15	0.0	needs_paper
PRJNA734948	isolation_source	15	0.0	needs_paper
PRJNA734948	host	15	1.0	answered_by_data
PRJNA734948	cf_status	15	0.0	needs_paper
PRJNA734948	smoking_status	15	0.0	needs_paper
PRJNA734948	ast	15	0.0	needs_paper
PRJNA756101	country	2	1.0	answered_by_data
PRJNA756101	collection_date	2	1.0	answered_by_data
PRJNA756101	isolation_source	2	1.0	answered_by_data
PRJNA756101	host	2	0.0	needs_paper
PRJNA756101	cf_status	2	0.0	needs_paper
PRJNA756101	smoking_status	2	0.0	needs_paper
PRJNA756101	ast	2	0.0	needs_paper
PRJNA778024	country	175	1.0	answered_by_data
PRJNA778024	collection_date	175	1.0	answered_by_data
PRJNA778024	isolation_source	175	1.0	answered_by_data
PRJNA778024	host	175	1.0	answered_by_data
PRJNA778024	cf_status	175	0.0	needs_paper
PRJNA778024	smoking_status	175	0.0	needs_paper
PRJNA778024	ast	175	0.0	needs_paper
PRJNA823663	country	6	1.0	answered_by_data
PRJNA823663	collection_date	6	1.0	answered_by_data
PRJNA823663	isolation_source	6	0.0	needs_paper
PRJNA823663	host	6	0.167	partial
PRJNA823663	cf_status	6	0.0	needs_paper
PRJNA823663	smoking_status	6	0.0	needs_paper
PRJNA823663	ast	6	0.0	needs_paper
PRJNA832057	country	41	1.0	answered_by_data
PRJNA832057	collection_date	41	1.0	answered_by_data
PRJNA832057	isolation_source	41	1.0	answered_by_data
PRJNA832057	host	41	1.0	answered_by_data
PRJNA832057	cf_status	41	0.0	needs_paper
PRJNA832057	smoking_status	41	0.0	needs_paper
PRJNA832057	ast	41	0.0	needs_paper
PRJNA840944	country	24	1.0	answered_by_data
PRJNA840944	collection_date	24	1.0	answered_by_data
PRJNA840944	isolation_source	24	0.0	needs_paper
PRJNA840944	host	24	1.0	answered_by_data
PRJNA840944	cf_status	24	0.0	needs_paper
PRJNA840944	smoking_status	24	0.0	needs_paper
PRJNA840944	ast	24	0.0	needs_paper
PRJNA857686	country	1	1.0	answered_by_data
PRJNA857686	collection_date	1	1.0	answered_by_data
PRJNA857686	isolation_source	1	1.0	answered_by_data
PRJNA857686	host	1	1.0	answered_by_data
PRJNA857686	cf_status	1	0.0	needs_paper
PRJNA857686	smoking_status	1	0.0	needs_paper
PRJNA857686	ast	1	0.0	needs_paper
PRJNA865308	country	1	0.0	needs_paper
PRJNA865308	collection_date	1	0.0	needs_paper
PRJNA865308	isolation_source	1	0.0	needs_paper
PRJNA865308	host	1	1.0	answered_by_data
PRJNA865308	cf_status	1	0.0	needs_paper
PRJNA865308	smoking_status	1	0.0	needs_paper
PRJNA865308	ast	1	0.0	needs_paper
PRJNA867543	country	6	1.0	answered_by_data
PRJNA867543	collection_date	6	1.0	answered_by_data
PRJNA867543	isolation_source	6	0.0	needs_paper
PRJNA867543	host	6	1.0	answered_by_data
PRJNA867543	cf_status	6	0.0	needs_paper
PRJNA867543	smoking_status	6	0.0	needs_paper
PRJNA867543	ast	6	0.0	needs_paper
PRJNA882917	country	175	1.0	answered_by_data
PRJNA882917	collection_date	175	1.0	answered_by_data
PRJNA882917	isolation_source	175	1.0	answered_by_data
PRJNA882917	host	175	1.0	answered_by_data
PRJNA882917	cf_status	175	0.0	needs_paper
PRJNA882917	smoking_status	175	0.0	needs_paper
PRJNA882917	ast	175	0.0	needs_paper
PRJNA941035	country	64	1.0	answered_by_data
PRJNA941035	collection_date	64	1.0	answered_by_data
PRJNA941035	isolation_source	64	1.0	answered_by_data
PRJNA941035	host	64	1.0	answered_by_data
PRJNA941035	cf_status	64	0.0	needs_paper
PRJNA941035	smoking_status	64	0.0	needs_paper
PRJNA941035	ast	64	0.0	needs_paper
PRJNA989271	country	153	1.0	answered_by_data
PRJNA989271	collection_date	153	1.0	answered_by_data
PRJNA989271	isolation_source	153	1.0	answered_by_data
PRJNA989271	host	153	1.0	answered_by_data
PRJNA989271	cf_status	153	0.0	needs_paper
PRJNA989271	smoking_status	153	0.0	needs_paper
PRJNA989271	ast	153	0.0	needs_paper
PRJNA996741	country	6	1.0	answered_by_data
PRJNA996741	collection_date	6	1.0	answered_by_data
PRJNA996741	isolation_source	6	1.0	answered_by_data
PRJNA996741	host	6	1.0	answered_by_data
PRJNA996741	cf_status	6	0.0	needs_paper
PRJNA996741	smoking_status	6	0.0	needs_paper
PRJNA996741	ast	6	0.0	needs_paper
