gca_bare	species
GCA_022435585	Klebsiella pneumoniae
GCA_022435035	Klebsiella pneumoniae
GCA_022433405	Klebsiella pneumoniae
GCA_022437965	Klebsiella pneumoniae
GCA_022041715	Klebsiella pneumoniae
GCA_015720495	Klebsiella pneumoniae
GCA_022437845	Klebsiella pneumoniae
GCA_022435095	Klebsiella pneumoniae
GCA_022041755	Klebsiella pneumoniae
GCA_022433605	Klebsiella pneumoniae
GCA_015720885	Klebsiella pneumoniae
GCA_022434335	Klebsiella pneumoniae
GCA_022434955	Klebsiella pneumoniae
GCA_022435115	Klebsiella pneumoniae
GCA_022435665	Klebsiella pneumoniae
GCA_022041375	Klebsiella pneumoniae
GCA_022041395	Klebsiella pneumoniae
GCA_022435565	Klebsiella pneumoniae
GCA_022434455	Klebsiella pneumoniae
GCA_015720795	Klebsiella pneumoniae
GCA_022433365	Klebsiella pneumoniae
GCA_022035255	Klebsiella pneumoniae
GCA_022437985	Klebsiella pneumoniae
GCA_022434875	Klebsiella pneumoniae
GCA_022435545	Klebsiella pneumoniae
GCA_022437865	Klebsiella pneumoniae
GCA_022434855	Klebsiella pneumoniae
GCA_022437885	Klebsiella pneumoniae
GCA_022435525	Klebsiella pneumoniae
GCA_022438005	Klebsiella pneumoniae
GCA_015721015	Klebsiella pneumoniae
GCA_022433445	Klebsiella pneumoniae
GCA_002752815	Klebsiella pneumoniae
GCA_022434975	Klebsiella pneumoniae
GCA_022434355	Klebsiella pneumoniae
GCA_022041435	Klebsiella pneumoniae
GCA_022434535	Klebsiella pneumoniae
GCA_022435055	Klebsiella pneumoniae
GCA_022435015	Klebsiella pneumoniae
GCA_022433545	Klebsiella pneumoniae
GCA_022434375	Klebsiella pneumoniae
GCA_022438065	Klebsiella pneumoniae
GCA_022435625	Klebsiella pneumoniae
GCA_022434315	Klebsiella pneumoniae
GCA_022434775	Klebsiella pneumoniae
GCA_022433385	Klebsiella pneumoniae
GCA_022434935	Klebsiella pneumoniae
GCA_022438045	Klebsiella pneumoniae
GCA_022433465	Klebsiella pneumoniae
GCA_022433525	Klebsiella pneumoniae
GCA_022433505	Klebsiella pneumoniae
GCA_022435135	Klebsiella pneumoniae
GCA_013749075	Klebsiella pneumoniae
GCA_022024795	Klebsiella pneumoniae
GCA_022434915	Klebsiella pneumoniae
GCA_002754835	Klebsiella pneumoniae
GCA_002753035	Klebsiella pneumoniae
GCA_002753015	Klebsiella pneumoniae
GCA_022433585	Klebsiella pneumoniae
GCA_022434395	Klebsiella pneumoniae
GCA_022434475	Klebsiella pneumoniae
GCA_021904535	Klebsiella pneumoniae
GCA_021904655	Klebsiella pneumoniae
GCA_003010595	Klebsiella pneumoniae
GCA_022434515	Klebsiella pneumoniae
GCA_003071285	Klebsiella aerogenes
GCA_002906415	Klebsiella oxytoca
GCA_002186515	Klebsiella sp. PO552
GCA_022041495	Klebsiella pneumoniae
GCA_002636515	Klebsiella pneumoniae
GCA_015720305	Klebsiella pneumoniae
GCA_015720605	Klebsiella pneumoniae
GCA_022041535	Klebsiella pneumoniae
GCA_022033855	Klebsiella pneumoniae
GCA_022041735	Klebsiella pneumoniae
GCA_015719905	Klebsiella pneumoniae
GCA_015720905	Klebsiella pneumoniae
GCA_021909115	Klebsiella pneumoniae
GCA_022098555	Klebsiella pneumoniae
GCA_021933815	Klebsiella pneumoniae
GCA_021909095	Klebsiella pneumoniae
GCA_022019135	Klebsiella pneumoniae
GCA_021933935	Klebsiella pneumoniae
GCA_022019115	Klebsiella pneumoniae
GCA_022026455	Klebsiella pneumoniae
GCA_021938075	Klebsiella pneumoniae
GCA_022016925	Klebsiella pneumoniae
GCA_021938055	Klebsiella pneumoniae
GCA_022032755	Klebsiella pneumoniae
GCA_022175325	Klebsiella pneumoniae
GCA_021877635	Klebsiella pneumoniae
GCA_022026055	Klebsiella pneumoniae
GCA_021871395	Klebsiella pneumoniae
GCA_021935135	Klebsiella pneumoniae
GCA_022262095	Klebsiella pneumoniae
GCA_022018115	Klebsiella pneumoniae
GCA_021935535	Klebsiella pneumoniae
GCA_022261515	Klebsiella pneumoniae
GCA_022262295	Klebsiella pneumoniae
GCA_022261195	Klebsiella pneumoniae
GCA_022438805	Klebsiella pneumoniae
GCA_022438465	Klebsiella pneumoniae
GCA_022675435	Klebsiella pneumoniae
GCA_022439085	Klebsiella pneumoniae
GCA_022439325	Klebsiella pneumoniae
GCA_022438185	Klebsiella pneumoniae
GCA_022438265	Klebsiella pneumoniae
GCA_022438205	Klebsiella pneumoniae
GCA_022438845	Klebsiella pneumoniae
GCA_022438105	Klebsiella pneumoniae
GCA_022439065	Klebsiella pneumoniae
GCA_022439025	Klebsiella pneumoniae
GCA_022438385	Klebsiella pneumoniae
GCA_022438825	Klebsiella pneumoniae
GCA_022438505	Klebsiella pneumoniae
GCA_022438965	Klebsiella pneumoniae
GCA_022439185	Klebsiella pneumoniae
GCA_022438325	Klebsiella pneumoniae
GCA_022438445	Klebsiella pneumoniae
GCA_022438925	Klebsiella pneumoniae
GCA_022439225	Klebsiella pneumoniae
GCA_022438625	Klebsiella pneumoniae
GCA_022439125	Klebsiella pneumoniae
GCA_022438645	Klebsiella pneumoniae
GCA_022438785	Klebsiella pneumoniae
GCA_022438885	Klebsiella pneumoniae
GCA_022439045	Klebsiella pneumoniae
GCA_022439245	Klebsiella pneumoniae
GCA_022438985	Klebsiella pneumoniae
GCA_022438125	Klebsiella pneumoniae
GCA_022438245	Klebsiella pneumoniae
GCA_022438225	Klebsiella pneumoniae
GCA_022675365	Klebsiella pneumoniae
GCA_022438085	Klebsiella pneumoniae
GCA_022438425	Klebsiella pneumoniae
GCA_022438945	Klebsiella pneumoniae
GCA_022438525	Klebsiella pneumoniae
GCA_022438865	Klebsiella pneumoniae
GCA_022439345	Klebsiella pneumoniae
GCA_022438565	Klebsiella pneumoniae
GCA_022438485	Klebsiella pneumoniae
GCA_022438905	Klebsiella pneumoniae
GCA_022439305	Klebsiella pneumoniae
GCA_022438605	Klebsiella pneumoniae
GCA_022439285	Klebsiella pneumoniae
GCA_022438285	Klebsiella pneumoniae
GCA_022438365	Klebsiella pneumoniae
GCA_022439005	Klebsiella pneumoniae
GCA_022438145	Klebsiella pneumoniae
GCA_022438545	Klebsiella pneumoniae
GCA_022439145	Klebsiella pneumoniae
GCA_022438585	Klebsiella pneumoniae
GCA_022438345	Klebsiella pneumoniae
GCA_022438765	Klebsiella pneumoniae
GCA_022677365	Klebsiella pneumoniae
GCA_023979195	Klebsiella pneumoniae
GCA_023977795	Klebsiella pneumoniae
GCA_023777335	Klebsiella pneumoniae
GCA_023979015	Klebsiella pneumoniae
GCA_023775075	Klebsiella pneumoniae
GCA_023776515	Klebsiella pneumoniae
GCA_023780405	Klebsiella pneumoniae
GCA_023825415	Klebsiella pneumoniae
GCA_023781735	Klebsiella pneumoniae
GCA_023824995	Klebsiella pneumoniae
GCA_023825015	Klebsiella pneumoniae
GCA_023825055	Klebsiella pneumoniae
GCA_023825375	Klebsiella pneumoniae
GCA_023826075	Klebsiella pneumoniae
GCA_023826515	Klebsiella pneumoniae
GCA_023779685	Klebsiella pneumoniae
GCA_023782865	Klebsiella pneumoniae
GCA_023874285	Klebsiella pneumoniae
GCA_023874325	Klebsiella pneumoniae
GCA_023874345	Klebsiella pneumoniae
GCA_023405435	Klebsiella pneumoniae
GCA_023781755	Klebsiella pneumoniae
GCA_023781715	Klebsiella pneumoniae
GCA_023400465	Klebsiella pneumoniae
GCA_023978935	Klebsiella pneumoniae
GCA_023977755	Klebsiella pneumoniae
GCA_023978995	Klebsiella pneumoniae
GCA_023037515	Klebsiella pneumoniae
GCA_023978895	Klebsiella pneumoniae
GCA_023040815	Klebsiella pneumoniae
GCA_023978915	Klebsiella pneumoniae
GCA_023453315	Klebsiella pneumoniae
GCA_023041495	Klebsiella pneumoniae
GCA_023368875	Klebsiella pneumoniae
GCA_023978795	Klebsiella pneumoniae
GCA_023979135	Klebsiella pneumoniae
GCA_023978735	Klebsiella pneumoniae
GCA_023036455	Klebsiella pneumoniae
GCA_023455255	Klebsiella pneumoniae
GCA_023978975	Klebsiella pneumoniae
GCA_023978835	Klebsiella pneumoniae
GCA_023979035	Klebsiella quasipneumoniae
GCA_023979095	Klebsiella variicola
GCA_023041735	Klebsiella aerogenes
GCA_023038055	Klebsiella aerogenes
GCA_052979265	Klebsiella pneumoniae
GCA_947662745	Klebsiella pneumoniae
GCA_052980535	Klebsiella pneumoniae
GCA_052979385	Klebsiella pneumoniae
GCA_052978945	Klebsiella pneumoniae
GCA_947663175	Klebsiella pneumoniae
GCA_052979485	Klebsiella pneumoniae
GCA_052979585	Klebsiella pneumoniae
GCA_947662215	Klebsiella pneumoniae
GCA_052979225	Klebsiella pneumoniae
GCA_052979565	Klebsiella pneumoniae
GCA_947662245	Klebsiella pneumoniae
GCA_052979955	Klebsiella pneumoniae
GCA_028635255	Klebsiella pneumoniae
GCA_052979065	Klebsiella pneumoniae
GCA_026253365	Klebsiella pneumoniae
GCA_030178695	Klebsiella pneumoniae
GCA_030179785	Klebsiella pneumoniae
GCA_030412765	Klebsiella pneumoniae
GCA_052979205	Klebsiella pneumoniae
GCA_052979505	Klebsiella pneumoniae
GCA_947662885	Klebsiella pneumoniae
GCA_052980185	Klebsiella pneumoniae
GCA_947662735	Klebsiella pneumoniae
GCA_947660395	Klebsiella pneumoniae
GCA_052979165	Klebsiella pneumoniae
GCA_029972295	Klebsiella michiganensis
GCA_052979545	Klebsiella pneumoniae
GCA_052979085	Klebsiella pneumoniae
GCA_052979185	Klebsiella pneumoniae
GCA_052979305	Klebsiella pneumoniae
GCA_926500335	Klebsiella pneumoniae
GCA_948469915	Klebsiella pneumoniae
GCA_052980505	Klebsiella pneumoniae
GCA_926500285	Klebsiella pneumoniae
GCA_052980415	Klebsiella pneumoniae
GCA_052979245	Klebsiella pneumoniae
GCA_052979145	Klebsiella pneumoniae
GCA_052979425	Klebsiella pneumoniae
GCA_929606865	Klebsiella pneumoniae
GCA_052979405	Klebsiella pneumoniae
GCA_029492505	Klebsiella pneumoniae
GCA_024428855	Klebsiella pneumoniae
GCA_024377775	Klebsiella pneumoniae
GCA_024428615	Klebsiella pneumoniae
GCA_045488655	Klebsiella pneumoniae
GCA_045488295	Klebsiella pneumoniae
GCA_043017265	Klebsiella pneumoniae
GCA_045486155	Klebsiella pneumoniae
GCA_024429835	Klebsiella pneumoniae
GCA_045487395	Klebsiella pneumoniae
GCA_028561415	Klebsiella pneumoniae
GCA_031047515	Klebsiella pneumoniae
GCA_024862875	Klebsiella pneumoniae
GCA_028560635	Klebsiella pneumoniae
GCA_029091185	Klebsiella pneumoniae
GCA_028638105	Klebsiella pneumoniae
GCA_045154435	Klebsiella pneumoniae
GCA_045488715	Klebsiella pneumoniae
GCA_043017225	Klebsiella pneumoniae
GCA_029091205	Klebsiella pneumoniae
GCA_024087515	Klebsiella pneumoniae
GCA_029091285	Klebsiella pneumoniae
GCA_029091225	Klebsiella pneumoniae
GCA_024429855	Klebsiella pneumoniae
GCA_028564175	Klebsiella pneumoniae
GCA_024671905	Klebsiella pneumoniae
GCA_024671845	Klebsiella pneumoniae
GCA_024671885	Klebsiella pneumoniae
GCA_045154455	Klebsiella pneumoniae
GCA_024671655	Klebsiella pneumoniae
GCA_027908545	Klebsiella pneumoniae
GCA_024612745	Klebsiella pneumoniae
GCA_024610325	Klebsiella pneumoniae
GCA_024671825	Klebsiella pneumoniae
GCA_024671805	Klebsiella pneumoniae
GCA_024671715	Klebsiella pneumoniae
GCA_024671785	Klebsiella pneumoniae
GCA_024671635	Klebsiella pneumoniae
GCA_045154475	Klebsiella pneumoniae
GCA_045154485	Klebsiella pneumoniae
GCA_024671865	Klebsiella pneumoniae
GCA_024671615	Klebsiella pneumoniae
GCA_024671695	Klebsiella pneumoniae
GCA_024431405	Klebsiella pneumoniae
GCA_026348455	Klebsiella pneumoniae
GCA_026312835	Klebsiella aerogenes
GCA_029091425	Klebsiella aerogenes
GCA_029091365	Klebsiella aerogenes
