Isolate,Transmission,Hospital,ICU Status,Culture Type,Culture Source,Observation Date,,MLST,Clonal Group (CG),wzi,O Locus,K Locus,Yersiniabactin,YbST,Colibactin,CbST,KPC,,No. of Contigs,Genome Size (bp),% GC,N50,Reads,Bases,Seq Cov,Sequencing Reads Accession,Assembly Accession
CRE605,High,California (CA),non-ICU,Clinical,other,07/25/2017,,ST258,CG258,154,O1/O2v2,KL107,-,-,-,0,KPC-3,,109,"5,501,106",57.26,"138,343","4,592,840","693,518,840",126,SRR11819405,JABKMT000000000
CRE614,High,California (CA),non-ICU,Clinical,wound,05/01/2018,,ST258,CG258,154,O1/O2v2,KL107,-,-,-,0,KPC-3,,131,"5,803,510",56.89,"126,085","3,732,246","563,569,146",97,SRR11819399,JABKMK000000000
CRE130,High,Maryland Hospital A (MD-A),non-ICU,Surveillance,perirectal surveillance swab,05/14/2018,,ST17,CG17/20,82,O1/O2v2,KL38,-,-,-,0,KPC-3,,50,"5,215,162",57.51,"274,794","3,675,954","555,069,054",106,SRR11819340,JABKQN000000000
CRE150,High,Maryland Hospital A (MD-A),ICU,Clinical,sputum,09/10/2018,,ST551,-,18,O1/O2v1,KL10,-,-,-,0,,,75,"5,345,389",57.26,"168,264","3,211,898","484,996,598",91,SRR11819326,JABKQB000000000
CRE32,High,Maryland Hospital A (MD-A),ICU,Clinical,urine,06/09/2016,,ST48,-,167,O1/O2v1,KL124,ybt 0; ICEKp10,227-1LV,clb 3,17-2LV,KPC-3,,65,"5,576,882",57.18,"302,243","5,123,186","773,601,086",139,SRR11819296,JABKOZ000000000
CRE81,High,Maryland Hospital A (MD-A),ICU,Clinical,sputum,05/23/2017,,ST258,CG258,168,O5,KL25,ybt 17; ICEKp10,251,clb 3,62-1LV,KPC-79*,,112,"5,768,504",57.02,"137,349","4,310,056","650,818,456",113,SRR11819358,JABKLC000000000
CRE20,High,Maryland Hospital B (MD-B),ICU,Clinical,sputum,04/18/2016,,ST258,CG258,154,O1/O2v2,KL107,-,-,-,0,KPC-3,,128,"5,871,775",56.68,"130,129","2,804,488","423,477,688",72,SRR11819304,JABKPH000000000
CRE513,High,New York (NY),non-ICU,Clinical,sputum,05/02/2017,,ST11,CG258,64,O1/O2v1,KL64,ybt 9; ICEKp3,503,-,0,KPC-2,,100,"5,545,791",57.30,"104,423","2,690,874","406,321,974",73,SRR11819274,JABKOF000000000
CRE523,High,New York (NY),ICU,Clinical,blood,09/20/2017,,ST17,CG17/20,ND,ND,KL169,ybt 25; ICEKp2,428-3LV,-,0,,,195,"5,318,358",57.30,"50,661","2,246,130","339,165,630",64,SRR11819267,JABKNZ000000000
CRE532,High,New York (NY),ICU,Clinical,blood,02/26/2018,,ST307,-,173,O1/O2v2,KL102,-,-,-,0,,,66,"5,498,302",57.26,"203,990","3,056,518","461,534,218",84,SRR11819263,JABKNT000000000
CRE552-1,High,New York (NY),ICU,Clinical,urine,03/18/2019,,ST307,-,173,O1/O2v2,KL102,-,-,-,0,KPC-2,,80,"5,684,097",56.88,"266,918","7,027,972","1,061,223,772",187,SRR11819422,JABKNJ000000000
CRE554,High,New York (NY),non-ICU,Clinical,urine,04/08/2019,,ST307,-,173,O1/O2v2,KL102,-,-,-,0,KPC-2,,75,"5,691,684",56.86,"214,658","4,165,664","629,015,264",111,SRR11819419,JABKNF000000000
CRE738,High,Pennsylvania (PA),ICU,Surveillance,perirectal surveillance swab,04/10/2019,,ST268,-,95,O1/O2v1,KL20,ybt 10; ICEKp4,383-1LV,-,0,KPC-3,,171,"5,967,371",56.69,"131,088","5,295,586","799,633,486",134,SRR11819368,JABKLL000000000
CRE600,Intermediate,California (CA),non-ICU,Clinical,wound,01/01/2017,,ST258,CG258,154,O1/O2v2,KL107,-,-,-,0,KPC-3,,111,"5,483,643",57.23,"129,409","5,061,008","764,212,208",139,SRR11819411,JABKMY000000000
CRE603-2,Intermediate,California (CA),non-ICU,Clinical,other,04/13/2017,,ST11,CG258,ND,OL104,ND,-,-,-,0,,,158,"5,825,460",56.76,"159,206","6,972,848","1,052,900,048",181,SRR11819408,JABKMV000000000
CRE604,Intermediate,California (CA),non-ICU,Clinical,urine,05/04/2017,,ST258,CG258,29,O1/O2v2,KL106,-,-,-,0,KPC-2,,81,"5,402,103",57.36,"159,879","5,326,934","804,367,034",149,SRR11819406,JABKMU000000000
CRE609,Intermediate,California (CA),ICU,Clinical,urine,10/24/2017,,ST258,CG258,154,O1/O2v2,KL107,-,-,-,0,KPC-3,,179,"5,670,812",57.16,"89,517","2,216,282","334,658,582",59,SRR11819402,JABKMQ000000000
CRE611,Intermediate,California (CA),non-ICU,Clinical,wound,03/15/2018,,ST15,CG15,16,O1/O2v1,KL16,ybt unknown,-,-,0,KPC-3,,116,"5,733,952",57.07,"125,008","5,623,276","849,114,676",148,SRR11819398,JABKMN000000000
CRE103,Intermediate,Maryland Hospital A (MD-A),ICU,Clinical,urine,10/30/2017,,ST268,-,95,O1/O2v1,ND,ybt 10; ICEKp4,383-1LV,-,0,KPC-3,,278,"6,142,035",56.42,"76,586","4,786,886","722,819,786",118,SRR11819339,JABKRE000000000
CRE106,Intermediate,Maryland Hospital A (MD-A),ICU,Clinical,sputum,02/19/2018,,ST299,-,7,O1/O2v1,KL7,ybt 17; ICEKp10,269-2LV,clb 3,19-1LV,KPC-3,,74,"5,603,988",57.09,"159,907","3,082,674","465,483,774",83,SRR11819328,JABKRD000000000
CRE113,Intermediate,Maryland Hospital A (MD-A),ICU,Surveillance,perirectal surveillance swab,11/07/2017,,ST6006,-,173,O1/O2v2,KL102,ybt 16; ICEKp12,294,-,0,,,57,"5,414,342",57.32,"178,104","3,147,314","475,244,414",88,SRR11819287,JABKQZ000000000
CRE117,Intermediate,Maryland Hospital A (MD-A),ICU,Clinical,sputum,01/08/2018,,ST6005,-,ND,O3b,KL74,ybt 9; ICEKp3,183-1LV,-,0,KPC-3,,79,"5,583,420",57.16,"172,798","4,427,368","668,532,568",120,SRR11819425,JABKQW000000000
CRE123,Intermediate,Maryland Hospital A (MD-A),ICU,Surveillance,perirectal surveillance swab,02/28/2018,,ST15,CG15,93,O1/O2v1,ND,-,-,-,0,,,85,"5,534,789",57.11,"166,121","6,420,002","969,420,302",175,SRR11819380,JABKQS000000000
CRE141,Intermediate,Maryland Hospital A (MD-A),ICU,Clinical,other,07/09/2018,,ST515,-,173,O1/O2v2,KL102,-,-,-,0,,,62,"5,435,494",57.24,"206,824","6,571,204","992,251,804",183,SRR11819333,JABKQH000000000
CRE145,Intermediate,Maryland Hospital A (MD-A),ICU,Clinical,other,07/24/2018,,ST1476,-,186,O1/O2v2,KL2,-,-,-,0,,,133,"5,167,876",57.50,"90,265","4,278,318","646,026,018",125,SRR11819331,JABKQF000000000
CRE153,Intermediate,Maryland Hospital A (MD-A),ICU,Surveillance,perirectal surveillance swab,10/01/2018,,ST35,-,187,O4,KL27,-,-,-,0,KPC-3,,59,"5,626,629",57.04,"179,498","2,846,606","429,837,506",76,SRR11819323,JABKPY000000000
CRE173,Intermediate,Maryland Hospital A (MD-A),non-ICU,Clinical,urine,02/18/2019,,ST258,CG258,154,O1/O2v2,KL107,-,-,-,0,KPC-2,,107,"5,556,396",57.28,"141,699","2,227,352","336,330,152",61,SRR11819310,JABKPN000000000
CRE181,Intermediate,Maryland Hospital A (MD-A),non-ICU,Clinical,urine,04/01/2019,,ST20,CG17/20,84,O1/O2v2,KL28,-,-,-,0,KPC-3,,81,"5,674,968",56.85,"278,457","3,563,208","538,044,408",95,SRR11819311,JABKPK000000000
CRE190,Intermediate,Maryland Hospital A (MD-A),ICU,Clinical,other,05/28/2019,,ST258,CG258,154,O1/O2v2,KL107,-,-,-,0,KPC-2,,97,"5,604,423",57.21,"137,362","3,457,958","522,151,658",93,SRR11819305,JABKPI000000000
CRE24,Intermediate,Maryland Hospital A (MD-A),ICU,Surveillance,perirectal surveillance swab,05/03/2016,,ST442,-,118,O1/O2v2,KL146,-,-,-,0,KPC-3,,91,"5,412,666",57.22,"167,229","2,342,132","353,661,932",65,SRR11819300,JABKPE000000000
CRE30,Intermediate,Maryland Hospital A (MD-A),ICU,Clinical,sputum,06/06/2016,,ST340,CG258,56,O3b,KL55,-,-,-,0,KPC-3,,146,"5,810,981",56.70,"101,200","5,481,718","827,739,418",142,SRR11819298,JABKPB000000000
CRE34,Intermediate,Maryland Hospital A (MD-A),ICU,Surveillance,perirectal surveillance swab,07/11/2016,,ST258,CG258,154,O1/O2v2,KL107,ybt 16; ICEKp12,294,-,0,KPC-3,,119,"5,670,744",56.97,"141,678","3,740,894","564,874,994",100,SRR11819292,JABKOX000000000
CRE47,Intermediate,Maryland Hospital A (MD-A),ICU,Clinical,sputum,09/28/2016,,ST442,-,118,O1/O2v2,KL146,-,-,-,0,KPC-3,,93,"5,427,661",57.22,"155,005","2,542,542","383,923,842",71,SRR11819286,JABKOR000000000
CRE58-1,Intermediate,Maryland Hospital A (MD-A),non-ICU,Surveillance,perirectal surveillance swab,01/03/2017,,ST2543,-,63,O1/O2v2,KL63,-,-,-,0,KPC-3,,119,"5,753,373",56.64,"172,630","13,231,906","1,998,017,806",347,SRR11819417,JABKND000000000
CRE59,Intermediate,Maryland Hospital A (MD-A),ICU,Clinical,urine,01/04/2017,,ST6005,-,ND,O3b,KL74,ybt 9; ICEKp3,183-1LV,-,0,KPC-3,,112,"5,682,154",57.08,"96,363","2,370,772","357,986,572",63,SRR11819414,JABKNB000000000
CRE67,Intermediate,Maryland Hospital A (MD-A),non-ICU,Surveillance,perirectal surveillance swab,02/22/2017,,ST11,CG258,75,O1/O2v2,KL105,ybt 10; ICEKp4 (truncated),26-1LV,-,0,KPC-3,,207,"5,542,315",57.24,"55,878","1,525,722","230,384,022",42,SRR11819389,JABKMF000000000
CRE7,Intermediate,Maryland Hospital A (MD-A),ICU,Surveillance,perirectal surveillance swab,02/08/2016,,ST6005,-,ND,O3b,KL74,ybt 9; ICEKp3,183-1LV,-,0,KPC-3,,138,"5,791,407",57.00,"205,017","4,217,974","636,914,074",110,SRR11819387,JABKMC000000000
CRE74,Intermediate,Maryland Hospital A (MD-A),ICU,Clinical,blood,04/10/2017,,ST15,CG15,93,O1/O2v1,KL112,ybt 10; ICEKp4,16,-,0,,,93,"5,593,081",57.04,"165,617","4,476,150","675,898,650",121,SRR11819366,JABKLK000000000
CRE86,Intermediate,Maryland Hospital A (MD-A),ICU,Surveillance,perirectal surveillance swab,07/11/2017,,ST20,CG17/20,84,O1/O2v2,KL28,-,-,-,0,KPC-3,,70,"5,425,061",57.26,"211,387","5,824,788","879,542,988",162,SRR11819355,JABKKZ000000000
CRE87,Intermediate,Maryland Hospital A (MD-A),ICU,Clinical,urine,07/24/2017,,ST258,CG258,154,O1/O2v1,KL107,ybt 10; ICEKp4,16-1LV,-,0,KPC-3,,112,"5,746,117",57.05,"152,721","5,003,466","755,523,366",131,SRR11819354,JABKKY000000000
CRE88,Intermediate,Maryland Hospital A (MD-A),non-ICU,Clinical,sputum,08/08/2017,,ST11,CG258,75,O1/O2v2,KL105,ybt 10; ICEKp4 (truncated),26-1LV,-,0,KPC-3,,84,"5,386,514",57.42,"152,204","2,405,710","363,262,210",67,SRR11819353,JABKKX000000000
CRE94,Intermediate,Maryland Hospital A (MD-A),non-ICU,Clinical,urine,08/22/2017,,ST258,CG258,154,O1/O2v2,KL107,ybt 10; ICEKp4,28,-,0,KPC-2,,268,"5,724,317",57.19,"48,266","1,980,914","299,118,014",52,SRR11819351,JABKKV000000000
CRE13,Intermediate,Maryland Hospital B (MD-B),ICU,Clinical,urine,03/10/2016,,ST258,CG258,154,O1/O2v2,KL107,-,-,-,0,KPC-2,,113,"5,641,614",57.18,"142,737","2,244,874","338,975,974",60,SRR11819341,JABKQO000000000
CRE157-1,Intermediate,Maryland Hospital B (MD-B),non-ICU,Clinical,wound,11/12/2018,,ST6005,-,ND,O3b,KL74,ybt 9; ICEKp3,183-1LV,-,0,KPC-3,,91,"5,711,541",56.95,"154,232","5,472,854","826,400,954",145,SRR11819322,JABKPX000000000
CRE16,Intermediate,Maryland Hospital B (MD-B),ICU,Clinical,sputum,03/21/2016,,ST258,CG258,154,O1/O2v2,KL107,ybt 17; ICEKp10,293,clb 3,52,KPC-3,,124,"5,745,702",57.06,"129,809","3,656,228","552,090,428",96,SRR11819318,JABKPU000000000
CRE22,Intermediate,Maryland Hospital B (MD-B),ICU,Clinical,wound,04/22/2016,,ST16,CG17/20,50,O3b,KL51,ybt 10; ICEKp4,91-1LV,-,0,KPC-2,,73,"5,578,222",57.27,"220,417","3,028,158","457,251,858",82,SRR11819301,JABKPF000000000
CRE33,Intermediate,Maryland Hospital B (MD-B),ICU,Clinical,urine,06/10/2016,,ST3727,-,94,O1/O2v1,KL62,-,-,-,0,KPC-3,,62,"5,430,407",57.20,"175,972","3,976,208","600,407,408",111,SRR11819293,JABKOY000000000
CRE45,Intermediate,Maryland Hospital B (MD-B),ICU,Surveillance,perirectal surveillance swab,09/13/2016,,ND,-,9,O1/O2v2,KL9,-,-,-,0,KPC-3,,134,"5,637,638",56.80,"124,115","2,952,834","445,877,934",79,SRR11819288,JABKOS000000000
CRE5,Intermediate,Maryland Hospital B (MD-B),non-ICU,Clinical,urine,02/03/2016,,ST11,CG258,27,O1/O2v2,KL27,-,-,-,0,KPC-3,,88,"5,393,453",57.36,"119,183","5,018,170","757,743,670",140,SRR11819284,JABKOP000000000
CRE64,Intermediate,Maryland Hospital B (MD-B),ICU,Clinical,wound,02/01/2017,,ST15,CG15,93,O1/O2v1,KL112,ybt 10; ICEKp4,16,-,0,,,84,"5,681,682",56.95,"156,740","3,825,874","577,706,974",102,SRR11819393,JABKMH000000000
CRE71,Intermediate,Maryland Hospital B (MD-B),non-ICU,Clinical,wound,03/16/2017,,ST36,-,173,O1/O2v2,KL102,-,-,-,0,KPC-3,,94,"5,491,715",57.26,"149,074","4,423,930","668,013,430",122,SRR11819379,JABKLV000000000
CRE99,Intermediate,Maryland Hospital B (MD-B),ICU,Clinical,wound,10/09/2017,,ST48,-,167,O1/O2v1,KL124,ybt 0; ICEKp10,227-1LV,clb 3,17-2LV,KPC-3,,79,"5,579,237",57.20,"238,541","4,753,080","717,715,080",129,SRR11819347,JABKKS000000000
CRE502,Intermediate,New York (NY),ICU,Clinical,other,02/08/2017,,ST258,CG258,168,O5,KL25,ybt 17; ICEKp10,251,clb 3,62,KPC-2,,99,"5,720,746",57.06,"152,205","4,322,928","652,762,128",114,SRR11819280,JABKOL000000000
CRE510,Intermediate,New York (NY),ICU,Clinical,sputum,04/20/2017,,ST258,CG258,29,O1/O2v2,KL106,-,-,-,0,KPC-2,,100,"5,614,720",57.17,"149,386","2,442,540","368,823,540",66,SRR11819275,JABKOG000000000
CRE516,Intermediate,New York (NY),non-ICU,Clinical,urine,06/06/2017,,ST258,CG258,154,O1/O2v2,KL107,ybt 17; ICEKp10,289,clb 3,52,KPC-3,,179,"5,771,036",57.03,"73,260","6,615,418","998,928,118",173,SRR11819270,JABKOD000000000
CRE517,Intermediate,New York (NY),ICU,Clinical,urine,06/08/2017,,ST42,-,29,O1/O2v2,KL106,-,-,-,0,,,145,"5,786,243",56.70,"94,355","5,359,426","809,273,326",140,SRR11819269,JABKOC000000000
CRE522,Intermediate,New York (NY),non-ICU,Clinical,urine,09/06/2017,,ST15,CG15,24,O1/O2v1,KL24,ybt 10; ICEKp4,28,-,0,KPC-3,,137,"5,919,582",56.62,"121,689","3,229,644","487,676,244",82,SRR11819271,JABKOA000000000
CRE525,Intermediate,New York (NY),non-ICU,Clinical,sputum,10/09/2017,,ST231,-,104,O1/O2v2,KL51,ybt 14; ICEKp5,376,-,0,,,97,"5,554,878",57.13,"146,131","4,749,654","717,197,754",129,SRR11819265,JABKNX000000000
CRE528,Intermediate,New York (NY),non-ICU,Clinical,urine,10/25/2017,,ST258,CG258,154,O1/O2v2,KL107,-,-,-,0,KPC-3,,113,"5,653,935",57.19,"115,938","4,075,924","615,464,524",109,SRR11819264,JABKNW000000000
CRE530,Intermediate,New York (NY),non-ICU,Clinical,sputum,01/16/2018,,ST258,CG258,ND,O1/O2v2,ND,-,-,-,0,KPC-3,,102,"5,423,205",57.28,"127,158","2,791,878","421,573,578",78,SRR11819262,JABKNV000000000
CRE531,Intermediate,New York (NY),ICU,Clinical,sputum,03/07/2018,,ST14,CG15,2,O1/O2v1,KL2,ybt 14; ICEKp5,140,-,0,,,151,"5,855,139",56.70,"136,012","2,328,912","351,665,712",60,SRR11819260,JABKNU000000000
CRE535,Intermediate,New York (NY),ICU,Clinical,sputum,04/23/2018,,ST240,-,236,O1/O2v2,KL10,-,-,-,0,,,110,"5,289,634",57.34,"109,093","3,411,192","515,089,992",97,SRR11819259,JABKNS000000000
CRE538,Intermediate,New York (NY),ICU,Clinical,sputum,06/26/2018,,ST258,CG258,154,O1/O2v2,KL107,-,-,-,0,KPC-3,,118,"5,454,814",57.24,"110,232","3,327,972","502,523,772",92,SRR11819431,JABKNQ000000000
CRE542,Intermediate,New York (NY),non-ICU,Surveillance,perirectal surveillance swab,10/01/2018,,ST258,CG258,ND,O1/O2v2,ND,-,-,-,0,KPC-2,,105,"5,768,069",56.85,"164,379","4,830,698","729,435,398",126,SRR11819428,JABKNO000000000
CRE550,Intermediate,New York (NY),ICU,Clinical,blood,01/17/2019,,ST258,CG258,29,O1/O2v2,KL106,-,-,-,0,KPC-2,,123,"5,825,527",56.76,"129,843","5,708,726","862,017,626",148,SRR11819429,JABKNL000000000
CRE551,Intermediate,New York (NY),ICU,Clinical,sputum,02/04/2019,,ST258,CG258,ND,O1/O2v2,KL107,-,-,-,0,KPC-3,,147,"5,734,218",57.11,"142,226","5,909,964","892,404,564",156,SRR11819424,JABKNK000000000
CRE700,Intermediate,Pennsylvania (PA),ICU,Clinical,sputum,05/01/2018,,ST258,CG258,ND,O1/O2v2,ND,ybt 17; ICEKp10,289-1LV,clb 3,52-1LV,KPC-3,,96,"5,613,801",57.23,"129,409","4,628,880","698,960,880",125,SRR11819386,JABKMB000000000
CRE704,Intermediate,Pennsylvania (PA),ICU,Clinical,sputum,06/27/2018,,ST258,CG258,ND,O1/O2v2,KL107,ybt 17; ICEKp10,289,clb 3,52,KPC-3,,95,"5,564,312",57.27,"137,511","5,214,412","787,376,212",142,SRR11819384,JABKLZ000000000
CRE720,Intermediate,Pennsylvania (PA),non-ICU,Clinical,other,12/05/2018,,ST258,CG258,154,O1/O2v2,KL107,ybt 17; ICEKp10,289-1LV,clb 3,52,KPC-3,,100,"5,625,528",57.21,"129,809","5,716,168","863,141,368",153,SRR11819374,JABKLR000000000
CRE735,Intermediate,Pennsylvania (PA),ICU,Clinical,other,03/27/2019,,ST268,-,95,O1/O2v1,KL20,ybt 10; ICEKp4,383-1LV,-,0,KPC-3,,172,"5,966,110",56.70,"133,591","3,481,316","525,678,716",88,SRR11819369,JABKLM000000000
CRE754,Intermediate,Pennsylvania (PA),ICU,Surveillance,perirectal surveillance swab,06/25/2019,,ST661,-,373,O1/O2v2,KL140,-,-,-,0,KPC-3,,114,"5,580,105",57.19,"125,415","3,053,020","461,006,020",83,SRR11819364,JABKLI000000000
CRE602,Low,California (CA),non-ICU,Clinical,other,04/13/2017,,ST258,CG258,96,O3b,KL38,-,-,-,0,KPC-3,,98,"5,579,783",57.24,"149,592","5,234,514","790,411,614",142,SRR11819410,JABKMX000000000
CRE606,Low,California (CA),non-ICU,Clinical,blood,08/21/2017,,ST258,CG258,154,O1/O2v2,KL107,-,-,-,0,KPC-3,,112,"5,499,351",57.26,"129,409","4,346,934","656,387,034",119,SRR11819404,JABKMS000000000
CRE608,Low,California (CA),non-ICU,Clinical,urine,09/18/2017,,ST258,CG258,154,O1/O2v2,KL107,-,-,-,0,KPC-3,,122,"5,665,300",57.08,"119,270","7,483,304","1,129,978,904",199,SRR11819407,JABKMR000000000
CRE610,Low,California (CA),non-ICU,Clinical,urine,02/07/2018,,ST258,CG258,154,O1/O2v2,KL107,ybt 17; ICEKp10,267,clb 3 (incomplete),19-1LV,KPC-3,,114,"5,511,687",57.32,"115,581","5,086,016","767,988,416",139,SRR11819400,JABKMO000000000
CRE612,Low,California (CA),ICU,Clinical,urine,03/21/2018,,ST258,CG258,154,O1/O2v2,KL107,-,-,-,0,KPC-3,,124,"5,715,270",57.10,"126,085","4,011,684","605,764,284",106,SRR11819397,JABKMM000000000
CRE613,Low,California (CA),non-ICU,Clinical,blood,04/02/2018,,ST258,CG258,154,O1/O2v2,KL107,-,-,-,0,KPC-3,,95,"5,421,476",57.22,"166,145","5,059,138","763,929,838",141,SRR11819396,JABKML000000000
CRE617,Low,California (CA),non-ICU,Clinical,blood,10/09/2018,,ST258,CG258,154,O1/O2v2,KL107,-,-,-,0,KPC-3,,112,"5,599,470",57.22,"129,409","4,845,316","731,642,716",131,SRR11819395,JABKMJ000000000
CRE10,Low,Maryland Hospital A (MD-A),ICU,Surveillance,perirectal surveillance swab,02/22/2016,,ST405,-,143,O4,KL151,ybt 27; ICEKp22,312,-,0,None,,62,"5,624,573",57.10,"175,286","5,776,890","872,310,390",155,SRR11819433,JABKRG000000000
CRE101,Low,Maryland Hospital A (MD-A),non-ICU,Surveillance,perirectal surveillance swab,10/26/2017,,ST307,-,173,O1/O2v2,KL102,-,-,-,0,KPC-2,,83,"5,617,455",57.19,"189,862","6,513,628","983,557,828",175,SRR11819432,JABKRF000000000
CRE11,Low,Maryland Hospital A (MD-A),ICU,Surveillance,perirectal surveillance swab,03/01/2016,,ST48,-,167,O1/O2v1,KL124,ybt 0; ICEKp10,227,clb 3,17-2LV,KPC-3,,78,"5,634,413",57.13,"269,514","3,773,852","569,851,652",101,SRR11819316,JABKRC000000000
CRE110,Low,Maryland Hospital A (MD-A),ICU,Clinical,wound,02/26/2018,,ST15,CG15,93,O1/O2v1,KL112,ybt 10; ICEKp4,16,-,0,KPC-3,,95,"5,787,249",56.85,"176,380","4,311,072","650,971,872",112,SRR11819306,JABKRB000000000
CRE111,Low,Maryland Hospital A (MD-A),ICU,Surveillance,perirectal surveillance swab,11/06/2017,,ST258,CG258,154,O1/O2v1,KL107,ybt 10; ICEKp4,16-1LV,-,0,KPC-3,,127,"5,740,935",57.05,"152,412","2,812,476","424,683,876",74,SRR11819294,JABKRA000000000
CRE115,Low,Maryland Hospital A (MD-A),ICU,Clinical,blood,11/30/2017,,ST48,-,167,O1/O2v1,KL124,ybt 0; ICEKp10,227-1LV,clb 3,17-2LV,KPC-3,,79,"5,581,524",57.20,"302,244","3,107,974","469,304,074",84,SRR11819273,JABKQY000000000
CRE116,Low,Maryland Hospital A (MD-A),ICU,Surveillance,perirectal surveillance swab,12/12/2017,,ST258,CG258,154,O1/O2v2,KL107,ybt 16; ICEKp12,294-1LV,-,0,KPC-2,,113,"5,725,745",57.13,"154,484","4,019,708","606,975,908",106,SRR11819261,JABKQX000000000
CRE118,Low,Maryland Hospital A (MD-A),ICU,Clinical,sputum,01/25/2018,,ST14,CG15,16,O1/O2v1,KL16,ybt 10; ICEKp4,107,-,0,,,89,"5,533,428",57.30,"152,346","3,419,132","516,288,932",93,SRR11819413,JABKQV000000000
CRE12,Low,Maryland Hospital A (MD-A),ICU,Clinical,other,03/07/2016,,ST15,CG15,93,O1/O2v1,KL112,ybt 10; ICEKp4,16,-,0,,,90,"5,529,739",57.15,"128,283","7,746,544","1,169,728,144",212,SRR11819403,JABKQU000000000
CRE120,Low,Maryland Hospital A (MD-A),non-ICU,Clinical,other,02/12/2018,,ST258,CG258,154,O1/O2v1,KL107,ybt 10; ICEKp4 (truncated),16-1LV,-,0,KPC-3,,118,"5,694,866",57.08,"149,642","7,091,914","1,070,879,014",188,SRR11819392,JABKQT000000000
CRE124,Low,Maryland Hospital A (MD-A),ICU,Clinical,urine,03/26/2018,,ST258,CG258,154,O1/O2v2,KL107,ybt 17; ICEKp10,251,clb 3 (truncated),62-1LV,KPC-3,,86,"5,664,946",57.04,"154,484","3,468,412","523,730,212",92,SRR11819370,JABKQR000000000
CRE125,Low,Maryland Hospital A (MD-A),ICU,Clinical,other,04/09/2018,,ST462,-,173,O4,KL149,-,-,-,0,,,56,"5,357,513",57.36,"227,566","4,642,894","701,076,994",131,SRR11819359,JABKQQ000000000
CRE127,Low,Maryland Hospital A (MD-A),non-ICU,Clinical,urine,05/03/2018,,ST11,CG258,27,O1/O2v2,KL27,-,-,-,0,KPC-3,,76,"5,382,183",57.45,"159,695","3,646,532","550,626,332",102,SRR11819348,JABKQP000000000
CRE134-1,Low,Maryland Hospital A (MD-A),ICU,Clinical,sputum,06/18/2018,,ST188,-,44,O5,KL123,-,-,-,0,KPC-3,,107,"5,612,997",56.95,"136,070","3,043,842","459,620,142",82,SRR11819338,JABKQM000000000
CRE134-2,Low,Maryland Hospital A (MD-A),ICU,Clinical,sputum,06/18/2018,,ST3626,-,114,O3b,KL8,-,-,-,0,KPC-3,,93,"5,482,430",57.10,"186,737","3,676,846","555,203,746",101,SRR11819337,JABKQL000000000
CRE137,Low,Maryland Hospital A (MD-A),non-ICU,Surveillance,perirectal surveillance swab,06/26/2018,,ST258,CG258,29,O1/O2v2,KL106,-,-,-,0,KPC-2,,126,"5,574,207",57.19,"129,409","3,307,628","499,451,828",90,SRR11819336,JABKQK000000000
CRE139,Low,Maryland Hospital A (MD-A),non-ICU,Clinical,blood,06/28/2018,,ST258,CG258,154,O1/O2v2,KL107,ybt 16; ICEKp12,294,-,0,KPC-2,,111,"5,711,375",57.09,"167,624","7,206,212","1,088,138,012",191,SRR11819335,JABKQJ000000000
CRE143,Low,Maryland Hospital A (MD-A),ICU,Clinical,other,07/19/2018,,ST133,-,180,O1/O2v1,KL116,-,-,-,0,,,106,"5,593,718",57.23,"123,585","1,813,104","273,778,704",49,SRR11819332,JABKQG000000000
CRE147,Low,Maryland Hospital A (MD-A),non-ICU,Clinical,other,08/27/2018,,ST405,-,143,O4,KL151,ybt 27; ICEKp22,312,-,0,,,50,"5,686,765",56.97,"253,728","4,114,308","621,260,508",109,SRR11819330,JABKQE000000000
CRE159,Low,Maryland Hospital A (MD-A),ICU,Clinical,other,11/26/2018,,ST626,-,117,O1/O2v1,KL54,-,-,-,0,,,56,"5,475,062",57.27,"249,372","5,363,202","809,843,502",148,SRR11819320,JABKPV000000000
CRE162,Low,Maryland Hospital A (MD-A),ICU,Surveillance,perirectal surveillance swab,12/10/2018,,ST76,-,100,O3/O3a,KL10,-,-,-,0,,,66,"5,292,414",57.41,"203,327","4,497,330","679,096,830",128,SRR11819317,JABKPT000000000
CRE166,Low,Maryland Hospital A (MD-A),non-ICU,Surveillance,perirectal surveillance swab,01/17/2019,,ST258,CG258,154,O1/O2v2,KL107,-,-,-,0,KPC-3,,114,"5,711,126",57.09,"132,662","5,107,130","771,176,630",135,SRR11819315,JABKPR000000000
CRE17,Low,Maryland Hospital A (MD-A),ICU,Clinical,other,03/28/2016,,ST1564,-,ND,ND,KL126,-,-,-,0,,,59,"5,368,604",57.37,"200,652","3,073,668","464,123,868",86,SRR11819314,JABKPQ000000000
CRE170,Low,Maryland Hospital A (MD-A),non-ICU,Clinical,urine,02/07/2019,,ST13,-,40,O1/O2v2,KL3,-,-,-,0,KPC-2,,56,"5,592,162",56.78,"216,072","2,693,306","406,689,206",73,SRR11819313,JABKPP000000000
CRE171,Low,Maryland Hospital A (MD-A),non-ICU,Clinical,urine,02/14/2019,,ST48,-,167,ND,KL124,ybt 0; ICEKp10,227-1LV,clb 3,17-2LV,KPC-3,,80,"5,531,715",57.27,"310,047","3,999,292","603,893,092",109,SRR11819312,JABKPO000000000
CRE177,Low,Maryland Hospital A (MD-A),ICU,Surveillance,perirectal surveillance swab,03/13/2019,,ST252,-,ND,O1/O2v1,KL64,-,-,-,0,KPC-2,,156,"5,844,008",56.86,"99,379","2,745,626","414,589,526",71,SRR11819309,JABKPM000000000
CRE189,Low,Maryland Hospital A (MD-A),non-ICU,Clinical,urine,05/14/2019,,ST225,-,59,O1/O2v2,KL3,-,-,-,0,,,80,"5,676,432",57.11,"174,858","3,684,042","556,290,342",98,SRR11819307,JABKPJ000000000
CRE21,Low,Maryland Hospital A (MD-A),ICU,Surveillance,perirectal surveillance swab,04/19/2016,,ST258,CG258,154,O1/O2v2,KL107,ybt 17; ICEKp10,289,clb 3,52,KPC-3,,107,"5,819,998",57.04,"129,809","2,787,182","420,864,482",72,SRR11819302,JABKPG000000000
CRE28,Low,Maryland Hospital A (MD-A),non-ICU,Clinical,other,05/16/2016,,ST70,-,123,O1/O2v2,KL136,ybt 8; ICEKp9,195,-,0,,,75,"5,549,396",57.18,"185,691","2,354,822","355,578,122",64,SRR11819299,JABKPC000000000
CRE31,Low,Maryland Hospital A (MD-A),non-ICU,Clinical,other,06/08/2016,,ST15,CG15,93,O1/O2v1,KL112,ybt 10; ICEKp4 (truncated),17-1LV,-,0,,,84,"5,524,772",57.15,"173,067","4,368,350","659,620,850",119,SRR11819297,JABKPA000000000
CRE39,Low,Maryland Hospital A (MD-A),non-ICU,Clinical,other,07/21/2016,,ST464,-,ND,O1/O2v1,KL53,-,-,-,0,,,72,"5,396,886",57.39,"248,638","4,069,554","614,502,654",114,SRR11819295,JABKOW000000000
CRE4,Low,Maryland Hospital A (MD-A),ICU,Surveillance,perirectal surveillance swab,02/03/2016,,ST17,CG17/20,ND,ND,KL169,-,-,-,0,,,84,"5,500,771",57.17,"184,638","2,540,096","383,554,496",70,SRR11819291,JABKOV000000000
CRE41,Low,Maryland Hospital A (MD-A),ICU,Clinical,blood,08/04/2016,,ST14,CG15,16,O1/O2v1,KL16,-,-,-,0,,,71,"5,486,229",57.22,"149,044","2,026,146","305,948,046",56,SRR11819290,JABKOU000000000
CRE43,Low,Maryland Hospital A (MD-A),non-ICU,Surveillance,perirectal surveillance swab,08/30/2016,,ST45,-,101,O1/O2v1,KL24,ybt 10; ICEKp4,78-1LV,-,0,,,86,"5,513,493",57.29,"152,112","2,791,966","421,586,866",76,SRR11819289,JABKOT000000000
CRE50,Low,Maryland Hospital A (MD-A),non-ICU,Clinical,urine,10/27/2016,,ST15,CG15,93,O1/O2v1,KL112,ybt 10; ICEKp4,16,-,0,,,96,"5,630,591",57.01,"173,067","4,098,012","618,799,812",110,SRR11819283,JABKOO000000000
CRE55,Low,Maryland Hospital A (MD-A),ICU,Clinical,blood,11/28/2016,,ST22,-,9,O1/O2v2,KL9,-,-,-,0,KPC-3,,140,"5,775,607",56.64,"135,871","3,522,292","531,866,092",92,SRR11819426,JABKNM000000000
CRE60,Low,Maryland Hospital A (MD-A),ICU,Clinical,blood,01/12/2017,,ST299,-,7,O1/O2v1,KL7,ybt 17; ICEKp10,269-1LV,clb 3,19-2LV,KPC-2,,96,"5,840,099",57.02,"147,900","5,765,486","870,588,386",149,SRR11819415,JABKMZ000000000
CRE63,Low,Maryland Hospital A (MD-A),ICU,Surveillance,perirectal surveillance swab,01/31/2017,,ST133,-,180,O1/O2v1,KL116,ybt 17; ICEKp10,267,clb 3,19,KPC-3,,76,"5,656,886",57.19,"152,078","5,433,994","820,533,094",145,SRR11819394,JABKMI000000000
CRE65,Low,Maryland Hospital A (MD-A),ICU,Clinical,urine,02/07/2017,,ST37,-,108,ND,KL118,-,-,-,0,,,84,"5,421,514",57.07,"134,516","4,762,754","719,175,854",133,SRR11819390,JABKMG000000000
CRE68,Low,Maryland Hospital A (MD-A),non-ICU,Surveillance,perirectal surveillance swab,02/23/2017,,ST258,CG258,ND,O1/O2v2,ND,-,-,-,0,KPC-3,,111,"5,592,846",57.08,"110,878","4,742,100","716,057,100",128,SRR11819388,JABKME000000000
CRE69,Low,Maryland Hospital A (MD-A),non-ICU,Clinical,other,03/06/2017,,ST3727,-,94,O1/O2v1,KL62,-,-,-,0,KPC-3,,71,"5,499,190",57.09,"181,861","3,277,966","494,972,866",90,SRR11819391,JABKMD000000000
CRE72,Low,Maryland Hospital A (MD-A),non-ICU,Clinical,other,03/20/2017,,ST14,CG15,2,O1/O2v1,KL2,-,-,-,0,,,69,"5,617,651",57.18,"211,592","4,021,816","607,294,216",108,SRR11819376,JABKLS000000000
CRE75,Low,Maryland Hospital A (MD-A),ICU,Clinical,urine,03/30/2017,,ST258,CG258,154,O1/O2v1,KL107,ybt 10; ICEKp4,16-1LV,-,0,KPC-3,,118,"5,762,393",57.04,"152,205","3,768,182","568,995,482",99,SRR11819365,JABKLJ000000000
CRE8,Low,Maryland Hospital A (MD-A),ICU,Clinical,other,02/08/2016,,ST134,-,168,O5,KL25,-,-,-,0,KPC-2,,86,"5,601,341",56.89,"160,534","6,187,800","934,357,800",167,SRR11819361,JABKLE000000000
CRE80,Low,Maryland Hospital A (MD-A),non-ICU,Clinical,blood,05/22/2017,,ST1084,CG258,168,O5,KL25,ybt 17; ICEKp10,251,clb 3,62,KPC-2,,122,"5,771,036",57.04,"129,809","3,641,902","549,927,202",95,SRR11819360,JABKLD000000000
CRE82,Low,Maryland Hospital A (MD-A),ICU,Surveillance,perirectal surveillance swab,05/30/2017,,ST299,-,7,O1/O2v1,KL7,ybt 6; ICEKp5,62-6LV,clb 3,13,KPC-2,,57,"5,433,000",57.31,"176,757","5,026,232","758,961,032",140,SRR11819357,JABKLB000000000
CRE83,Low,Maryland Hospital A (MD-A),ICU,Surveillance,perirectal surveillance swab,06/26/2017,,ST15,CG15,93,O1/O2v1,KL112,ybt 10; ICEKp4,16-1LV,-,0,,,96,"5,610,958",57.00,"167,884","4,486,614","677,478,714",121,SRR11819356,JABKLA000000000
CRE91,Low,Maryland Hospital A (MD-A),non-ICU,Clinical,urine,08/10/2017,,ST11,CG258,75,O1/O2v2,KL105,ybt 10; ICEKp4 (truncated),26-1LV,-,0,KPC-3,,92,"5,385,869",57.42,"152,204","5,543,584","837,081,184",155,SRR11819352,JABKKW000000000
CRE97,Low,Maryland Hospital A (MD-A),non-ICU,Surveillance,perirectal surveillance swab,10/03/2017,,ST48,-,167,O1/O2v1,KL124,ybt 0; ICEKp10,227,clb 3,17-2LV,,,75,"5,562,002",57.22,"180,495","4,813,498","726,838,198",131,SRR11819349,JABKKT000000000
CRE14,Low,Maryland Hospital B (MD-B),ICU,Clinical,urine,03/15/2016,,ST48,-,167,O1/O2v1,KL124,ybt 0; ICEKp10,227-1LV,clb 3,17-2LV,KPC-3,,66,"5,578,479",57.20,"308,594","4,265,590","644,104,090",115,SRR11819334,JABKQI000000000
CRE149,Low,Maryland Hospital B (MD-B),ICU,Clinical,sputum,09/05/2018,,ST133,-,180,O1/O2v1,KL116,-,-,-,0,,,112,"5,594,457",57.23,"123,917","3,698,086","558,410,986",100,SRR11819329,JABKQD000000000
CRE15,Low,Maryland Hospital B (MD-B),ICU,Clinical,wound,03/16/2016,,ST1061,-,149,O1/O2v2,KL62,-,-,-,0,KPC-2,,178,"5,871,512",56.78,"115,268","3,339,248","504,226,448",86,SRR11819327,JABKQC000000000
CRE151,Low,Maryland Hospital B (MD-B),non-ICU,Surveillance,perirectal surveillance swab,09/13/2018,,ST873,-,50,OL101,KL52,-,-,-,0,KPC-3,,86,"5,679,430",57.11,"186,574","3,266,438","493,232,138",87,SRR11819325,JABKQA000000000
CRE152,Low,Maryland Hospital B (MD-B),non-ICU,Clinical,urine,09/24/2018,,ST30,-,64,O1/O2v1,KL64,-,-,-,0,KPC-3,,143,"5,791,054",56.74,"172,359","5,626,580","849,613,580",147,SRR11819324,JABKPZ000000000
CRE164,Low,Maryland Hospital B (MD-B),ICU,Clinical,other,01/07/2019,,ST40,-,173,OL101,KL155,-,-,-,0,,,59,"5,464,798",57.29,"213,186","5,005,886","755,888,786",138,SRR11819319,JABKPS000000000
CRE18,Low,Maryland Hospital B (MD-B),ICU,Clinical,wound,04/13/2016,,ST258,CG258,154,O1/O2v2,KL107,-,-,-,0,KPC-2,,120,"5,654,586",57.18,"133,910","6,254,772","944,470,572",167,SRR11819308,JABKPL000000000
CRE25,Low,Maryland Hospital B (MD-B),ICU,Surveillance,perirectal surveillance swab,05/09/2016,,ST133,-,180,O1/O2v1,KL116,-,-,-,0,,,66,"5,492,115",57.30,"198,344","2,823,790","426,392,290",78,SRR11819303,JABKPD000000000
CRE48,Low,Maryland Hospital B (MD-B),ICU,Clinical,wound,10/05/2016,,ST3727,-,94,O1/O2v1,KL62,-,-,-,0,KPC-3,,100,"5,411,994",57.20,"129,087","2,984,378","450,641,078",83,SRR11819285,JABKOQ000000000
CRE6,Low,Maryland Hospital B (MD-B),ICU,Clinical,sputum,02/29/2016,,ST48,-,167,O1/O2v1,KL124,ybt 0; ICEKp10,227-2LV,clb 3,17-2LV,KPC-3,,77,"5,590,245",57.19,"310,635","4,668,746","704,980,646",126,SRR11819412,JABKNA000000000
CRE61,Low,Maryland Hospital B (MD-B),ICU,Clinical,wound,01/18/2017,,ST15,CG15,93,O1/O2v1,KL112,ybt 10; ICEKp4,16,-,0,KPC-3,,98,"5,582,598",56.94,"116,913","5,352,844","808,279,444",145,SRR11819401,JABKMP000000000
CRE73,Low,Maryland Hospital B (MD-B),non-ICU,Clinical,wound,03/28/2017,,ST11,CG258,75,O1/O2v2,KL105,ybt 10; ICEKp4 (truncated),26-2LV,-,0,KPC-3,,76,"5,379,952",57.40,"185,395","3,786,914","571,824,014",106,SRR11819375,JABKLO000000000
CRE76,Low,Maryland Hospital B (MD-B),non-ICU,Surveillance,perirectal surveillance swab,04/11/2017,,ST611,-,294,O3b,KL49,ybt 4; plasmid,525-1LV,-,0,,,136,"5,504,399",57.18,"87,237","1,606,766","242,621,666",44,SRR11819367,JABKLH000000000
CRE78,Low,Maryland Hospital B (MD-B),non-ICU,Clinical,urine,05/08/2017,,ST258,CG258,154,O1/O2v2,KL107,-,-,-,0,KPC-3,,102,"5,485,729",56.94,"129,449","1,999,460","301,918,460",55,SRR11819363,JABKLG000000000
CRE79,Low,Maryland Hospital B (MD-B),non-ICU,Clinical,blood,05/16/2017,,ST111,-,63,O1/O2v2,KL63,ybt 14; ICEKp5,382,-,0,KPC-3,,59,"5,584,314",56.90,"173,838","5,394,258","814,532,958",146,SRR11819362,JABKLF000000000
CRE96,Low,Maryland Hospital B (MD-B),ICU,Surveillance,perirectal surveillance swab,09/28/2017,,ST427,-,276,O3b,KL31,-,-,-,0,,,85,"5,458,938",57.19,"122,786","3,463,618","523,006,318",96,SRR11819350,JABKKU000000000
CRE500,Low,New York (NY),non-ICU,Clinical,urine,01/04/2017,,ST299,-,7,O1/O2v1,KL7,ybt 17; ICEKp10,289,clb 3,17-1LV,KPC-3,,145,"5,870,922",56.62,"111,929","3,414,188","515,542,388",88,SRR11819282,JABKON000000000
CRE501,Low,New York (NY),non-ICU,Clinical,urine,01/26/2017,,ST258,CG258,29,O1/O2v2,KL106,-,-,-,0,KPC-3,,109,"5,644,946",57.12,"137,718","3,897,500","588,522,500",104,SRR11819281,JABKOM000000000
CRE503,Low,New York (NY),non-ICU,Clinical,blood,02/21/2017,,ST3359,CG258,154,O1/O2v2,KL107,ybt 17; ICEKp10,251-1LV,clb 3 (truncated),62-1LV,KPC-3,,113,"5,801,656",57.01,"129,809","3,687,930","556,877,430",96,SRR11819278,JABKOK000000000
CRE504,Low,New York (NY),non-ICU,Clinical,urine,03/15/2017,,ST502,-,451,O1/O2v2,KL147,-,-,-,0,,,102,"5,611,646",56.97,"150,553","2,519,370","380,424,870",68,SRR11819277,JABKOJ000000000
CRE506,Low,New York (NY),non-ICU,Clinical,urine,03/20/2017,,ST15,CG15,24,O1/O2v1,KL24,ybt 10; ICEKp4,28,-,0,KPC-3,,154,"5,971,710",56.62,"129,845","3,223,444","486,740,044",82,SRR11819276,JABKOI000000000
CRE507,Low,New York (NY),non-ICU,Clinical,other,03/22/2017,,ST231,-,104,O1/O2v2,KL51,ybt 14; ICEKp5,376,-,0,,,89,"5,556,993",57.13,"152,299","2,480,250","374,517,750",67,SRR11819279,JABKOH000000000
CRE514,Low,New York (NY),ICU,Clinical,sputum,05/25/2017,,ST42,-,29,O1/O2v2,KL106,-,-,-,0,KPC-2,,148,"5,847,232",56.68,"96,747","2,376,046","358,782,946",61,SRR11819272,JABKOE000000000
CRE519,Low,New York (NY),non-ICU,Clinical,urine,08/14/2017,,ST258,CG258,154,O1/O2v1,KL107,ybt 17; ICEKp10,251,clb 3,62,KPC-3,,144,"5,788,382",56.98,"107,367","5,296,084","799,708,684",138,SRR11819268,JABKOB000000000
CRE524,Low,New York (NY),non-ICU,Clinical,urine,10/02/2017,,ST327,-,374,O1/O2v2,KL140,-,-,-,0,KPC-3,,246,"5,759,872",56.72,"97,033","2,653,680","400,705,680",70,SRR11819266,JABKNY000000000
CRE537,Low,New York (NY),non-ICU,Clinical,urine,06/18/2018,,ST258,CG258,154,O1/O2v2,KL107,ybt 17; ICEKp10,289-1LV,clb 3,52,KPC-3,,134,"5,693,420",57.15,"110,123","2,130,966","321,775,866",57,SRR11819258,JABKNR000000000
CRE539,Low,New York (NY),non-ICU,Clinical,blood,07/25/2018,,ST258,CG258,154,O1/O2v2,KL107,ybt 17; ICEKp10,289-1LV,clb 3,52-1LV,KPC-3,,99,"5,632,323",57.18,"131,955","2,465,676","372,317,076",66,SRR11819430,JABKNP000000000
CRE544,Low,New York (NY),non-ICU,Clinical,urine,10/22/2018,,ST6007,-,206,O3b,KL57,-,-,-,0,,,102,"5,443,570",57.31,"110,600","1,749,436","264,164,836",49,SRR11819427,JABKNN000000000
CRE553,Low,New York (NY),non-ICU,Surveillance,perirectal surveillance swab,03/27/2019,,ST872,-,ND,O1/O2v2,KL153,-,-,-,0,,,150,"5,570,267",57.10,"116,481","3,731,718","563,489,418",101,SRR11819423,JABKNG000000000
CRE557,Low,New York (NY),ICU,Clinical,sputum,06/10/2019,,ST258,CG258,154,O1/O2v2,KL107,ybt 17; ICEKp10,289-1LV,clb 3,52,KPC-3,,106,"5,612,694",57.23,"141,555","4,432,986","669,380,886",119,SRR11819418,JABKNE000000000
CRE701,Low,Pennsylvania (PA),non-ICU,Clinical,blood,05/17/2018,,ST258,CG258,154,O1/O2v2,KL107,ybt 17; ICEKp10,289-1LV,clb 3,52-1LV,KPC-3,,94,"5,560,191",57.27,"129,409","4,251,066","641,910,966",115,SRR11819385,JABKMA000000000
CRE705,Low,Pennsylvania (PA),non-ICU,Clinical,urine,06/26/2018,,ST76,-,100,O3/O3a,KL10,-,-,-,0,,,146,"5,869,433",57.05,"158,635","4,213,882","636,296,182",108,SRR11819382,JABKLY000000000
CRE706,Low,Pennsylvania (PA),non-ICU,Clinical,urine,07/05/2018,,ST1634,-,2,ND,KL151,-,-,-,0,,,95,"5,457,078",57.26,"139,869","3,422,088","516,735,288",95,SRR11819381,JABKLX000000000
CRE709,Low,Pennsylvania (PA),non-ICU,Clinical,other,08/15/2018,,ST258,CG258,154,ND,KL107,ybt 17; ICEKp10,289-1LV,clb 3,52,KPC-3,,104,"5,620,755",57.21,"134,034","5,973,062","901,932,362",160,SRR11819383,JABKLW000000000
CRE712,Low,Pennsylvania (PA),ICU,Clinical,other,08/23/2018,,ST37,-,14,OL104,KL14,-,-,-,0,,,78,"5,369,322",57.34,"152,195","4,027,006","608,077,906",113,SRR11819378,JABKLU000000000
CRE715,Low,Pennsylvania (PA),non-ICU,Clinical,other,09/18/2018,,ST133,-,180,O1/O2v1,KL116,ybt 17; ICEKp10,267,clb 3,19,,,156,"5,617,522",57.14,"86,104","2,197,950","331,890,450",59,SRR11819377,JABKLT000000000
CRE723,Low,Pennsylvania (PA),non-ICU,Surveillance,perirectal surveillance swab,01/15/2019,,ST6008,-,587,OL103,KL52,-,-,-,0,,,82,"5,487,330",57.13,"177,629","3,478,108","525,194,308",96,SRR11819373,JABKLQ000000000
CRE729,Low,Pennsylvania (PA),non-ICU,Clinical,other,02/11/2019,,ST133,-,186,O1/O2v2,KL2,-,-,-,0,,,162,"5,491,951",57.14,"95,809","4,502,356","679,855,756",124,SRR11819372,JABKLP000000000
CRE731,Low,Pennsylvania (PA),ICU,Surveillance,perirectal surveillance swab,02/20/2019,,ST307,-,173,O1/O2v2,KL102,-,-,-,0,,,79,"5,522,605",57.24,"200,656","4,990,500","753,565,500",136,SRR11819371,JABKLN000000000
"*Imperfect match, but most similar to KPC-79",,,,,,,,,,,,,,,,,,,,,,,,,,,
"Clonal Groups (CG) are indicated that contain three or more genomes with the exception of CG37, which contained only two genomes.",,,,,,,,,,,,,,,,,,,,,,,,,,,