severity	check	accession	detail	path
OK	paper_downloaded	PRJEB1563	consumed (fulltext_source=local_pdf)	data/find_papers/manual_download/PRJEB1563.pdf
OK	paper_downloaded	PRJEB19322	consumed (fulltext_source=local_pdf)	data/find_papers/manual_download/PRJEB19322.pdf
OK	paper_downloaded	PRJEB20234	consumed (fulltext_source=local_pdf)	data/find_papers/manual_download/PRJEB20234.pdf
OK	paper_downloaded	PRJEB20799	consumed (fulltext_source=local_pdf)	data/find_papers/manual_download/PRJEB20799.pdf
OK	paper_downloaded	PRJEB21277	consumed (fulltext_source=local_pdf)	data/find_papers/manual_download/PRJEB21277.pdf
OK	paper_downloaded	PRJEB22252	consumed (fulltext_source=local_pdf)	data/find_papers/manual_download/PRJEB22252.pdf
OK	paper_downloaded	PRJEB22890	consumed (fulltext_source=local_pdf)	data/find_papers/manual_download/PRJEB22890.pdf
OK	paper_downloaded	PRJEB27256	consumed (fulltext_source=local_pdf)	data/find_papers/manual_download/PRJEB27256.pdf
OK	paper_downloaded	PRJEB27342	consumed (fulltext_source=local_pdf)	data/find_papers/manual_download/PRJEB27342.pdf
OK	paper_downloaded	PRJEB28400	consumed (fulltext_source=local_pdf)	data/find_papers/manual_download/PRJEB28400.pdf
OK	paper_downloaded	PRJEB29143	consumed (fulltext_source=local_pdf)	data/find_papers/manual_download/PRJEB29143.pdf
OK	paper_downloaded	PRJEB29424	consumed (fulltext_source=local_pdf)	data/find_papers/manual_download/PRJEB29424.pdf
OK	paper_downloaded	PRJEB29738	consumed (fulltext_source=local_pdf)	data/find_papers/manual_download/PRJEB29738.pdf
OK	paper_downloaded	PRJEB32655	consumed (fulltext_source=local_pdf)	data/find_papers/manual_download/PRJEB32655.pdf
OK	paper_downloaded	PRJEB33565	consumed (fulltext_source=local_pdf)	data/find_papers/manual_download/PRJEB33565.pdf
OK	paper_downloaded	PRJEB35685	consumed (fulltext_source=local_pdf)	data/find_papers/manual_download/PRJEB35685.pdf
OK	paper_downloaded	PRJEB36370	consumed (fulltext_source=local_pdf)	data/find_papers/manual_download/PRJEB36370.pdf
OK	paper_downloaded	PRJEB36486	consumed (fulltext_source=local_pdf)	data/find_papers/manual_download/PRJEB36486.pdf
OK	paper_downloaded	PRJEB38540	consumed (fulltext_source=local_pdf)	data/find_papers/manual_download/PRJEB38540.pdf
OK	paper_downloaded	PRJEB46513	consumed (fulltext_source=local_pdf)	data/find_papers/manual_download/PRJEB46513.pdf
OK	paper_downloaded	PRJEB48268	consumed (fulltext_source=local_pdf)	data/find_papers/manual_download/PRJEB48268.pdf
OK	paper_downloaded	PRJEB50822	consumed (fulltext_source=local_pdf)	data/find_papers/manual_download/PRJEB50822.pdf
OK	paper_downloaded	PRJEB63349	consumed (fulltext_source=local_pdf)	data/find_papers/manual_download/PRJEB63349.pdf
OK	paper_downloaded	PRJEB63361	consumed (fulltext_source=local_pdf)	data/find_papers/manual_download/PRJEB63361.pdf
OK	paper_downloaded	PRJEB6574	consumed (fulltext_source=local_pdf)	data/find_papers/manual_download/PRJEB6574.pdf
OK	paper_downloaded	PRJEB6891	consumed (fulltext_source=local_pdf)	data/find_papers/manual_download/PRJEB6891.pdf
OK	paper_downloaded	PRJNA1028672	consumed (fulltext_source=local_pdf)	data/find_papers/manual_download/PRJNA1028672.pdf
OK	paper_downloaded	PRJNA1133624	consumed (fulltext_source=local_pdf)	data/find_papers/manual_download/PRJNA1133624.pdf
OK	paper_downloaded	PRJNA306133	consumed (fulltext_source=local_pdf)	data/find_papers/manual_download/PRJNA306133.pdf
OK	paper_downloaded	PRJNA341927	consumed (fulltext_source=local_pdf)	data/find_papers/manual_download/PRJNA341927.pdf
OK	paper_downloaded	PRJNA351909	consumed (fulltext_source=local_pdf)	data/find_papers/manual_download/PRJNA351909.pdf
OK	paper_downloaded	PRJNA395086	consumed (fulltext_source=local_pdf)	data/find_papers/manual_download/PRJNA395086.pdf
OK	paper_downloaded	PRJNA396774	consumed (fulltext_source=local_pdf)	data/find_papers/manual_download/PRJNA396774.pdf
OK	paper_downloaded	PRJNA398288	consumed (fulltext_source=local_pdf)	data/find_papers/manual_download/PRJNA398288.pdf
OK	paper_downloaded	PRJNA415194	consumed (fulltext_source=local_pdf)	data/find_papers/manual_download/PRJNA415194.pdf
OK	paper_downloaded	PRJNA475751	consumed (fulltext_source=local_pdf)	data/find_papers/manual_download/PRJNA475751.pdf
OK	paper_downloaded	PRJNA514908	consumed (fulltext_source=local_pdf)	data/find_papers/manual_download/PRJNA514908.pdf
OK	paper_downloaded	PRJNA532291	consumed (fulltext_source=local_pdf)	data/find_papers/manual_download/PRJNA532291.pdf
OK	paper_downloaded	PRJNA543274	consumed (fulltext_source=local_pdf)	data/find_papers/manual_download/PRJNA543274.pdf
OK	paper_downloaded	PRJNA544438	consumed (fulltext_source=local_pdf)	data/find_papers/manual_download/PRJNA544438.pdf
OK	paper_downloaded	PRJNA547865	consumed (fulltext_source=local_pdf)	data/find_papers/manual_download/PRJNA547865.pdf
OK	paper_downloaded	PRJNA548120	consumed (fulltext_source=local_pdf)	data/find_papers/manual_download/PRJNA548120.pdf
OK	paper_downloaded	PRJNA557275	consumed (fulltext_source=local_pdf)	data/find_papers/manual_download/PRJNA557275.pdf
OK	paper_downloaded	PRJNA564992	consumed (fulltext_source=local_pdf)	data/find_papers/manual_download/PRJNA564992.pdf
OK	paper_downloaded	PRJNA594602	consumed (fulltext_source=local_pdf)	data/find_papers/manual_download/PRJNA594602.pdf
OK	paper_downloaded	PRJNA603790	consumed (fulltext_source=local_pdf)	data/find_papers/manual_download/PRJNA603790.pdf
OK	paper_downloaded	PRJNA634885	consumed (fulltext_source=local_pdf)	data/find_papers/manual_download/PRJNA634885.pdf
OK	paper_downloaded	PRJNA658369	consumed (fulltext_source=local_pdf)	data/find_papers/manual_download/PRJNA658369.pdf
OK	paper_downloaded	PRJNA684006	consumed (fulltext_source=local_pdf)	data/find_papers/manual_download/PRJNA684006.pdf
OK	paper_downloaded	PRJNA686897	consumed (fulltext_source=local_pdf)	data/find_papers/manual_download/PRJNA686897.pdf
OK	paper_downloaded	PRJNA757551	consumed (fulltext_source=local_pdf)	data/find_papers/manual_download/PRJNA757551.pdf
OK	paper_downloaded	PRJNA765801	consumed (fulltext_source=local_pdf)	data/find_papers/manual_download/PRJNA765801.pdf
OK	paper_downloaded	PRJNA787062	consumed (fulltext_source=local_pdf)	data/find_papers/manual_download/PRJNA787062.pdf
OK	paper_downloaded	PRJNA789336	consumed (fulltext_source=local_pdf)	data/find_papers/manual_download/PRJNA789336.pdf
OK	paper_downloaded	PRJNA789565	consumed (fulltext_source=local_pdf)	data/find_papers/manual_download/PRJNA789565.pdf
OK	paper_downloaded	PRJNA797179	consumed (fulltext_source=local_pdf)	data/find_papers/manual_download/PRJNA797179.pdf
OK	paper_downloaded	PRJNA857686	consumed (fulltext_source=local_pdf)	data/find_papers/manual_download/PRJNA857686.pdf
OK	paper_downloaded	PRJNA878595	consumed (fulltext_source=local_pdf)	data/find_papers/manual_download/PRJNA878595.pdf
WARN	supp_table	PRJDB5929	wired but table won't anchor to our accessions — Phase-2 linkage, not a loss	manual_supp_tables/PRJDB5929.csv
OK	supp_table	PRJEB10018	consumed (per_sample_outcomes method=direct/two_hop or table set)	manual_supp_tables/PRJEB10018.csv
OK	supp_table	PRJEB1271	consumed (per_sample_outcomes method=direct/two_hop or table set)	data/sample_lv_attributes/manual_download_supp/PRJEB1271.xlsx
OK	supp_table	PRJEB21605	consumed (per_sample_outcomes method=direct/two_hop or table set)	manual_supp_tables/PRJEB21605.csv
OK	supp_table	PRJEB24970	consumed (per_sample_outcomes method=direct/two_hop or table set)	manual_supp_tables/PRJEB24970.csv
OK	supp_table	PRJEB27342	consumed (per_sample_outcomes method=direct/two_hop or table set)	manual_supp_tables/PRJEB27342.csv
OK	supp_table	PRJEB28400	consumed (per_sample_outcomes method=direct/two_hop or table set)	manual_supp_tables/PRJEB28400.csv
OK	supp_table	PRJEB29143	consumed (per_sample_outcomes method=direct/two_hop or table set)	manual_supp_tables/PRJEB29143.csv
OK	supp_table	PRJEB29738	consumed (per_sample_outcomes method=direct/two_hop or table set)	manual_supp_tables/PRJEB29738.csv
OK	supp_table	PRJEB29740	consumed (per_sample_outcomes method=direct/two_hop or table set)	manual_supp_tables/PRJEB29740.csv
WARN	supp_table	PRJEB39567	wired but table won't anchor to our accessions — Phase-2 linkage, not a loss	manual_supp_tables/PRJEB39567.csv
OK	supp_table	PRJEB42462	consumed (per_sample_outcomes method=direct/two_hop or table set)	manual_supp_tables/PRJEB42462.csv
OK	supp_table	PRJEB48990	consumed (per_sample_outcomes method=direct/two_hop or table set)	manual_supp_tables/PRJEB48990.csv
OK	supp_table	PRJEB58136	consumed (per_sample_outcomes method=direct/two_hop or table set)	manual_supp_tables/PRJEB58136.csv
OK	supp_table	PRJEB6891	consumed (per_sample_outcomes method=direct/two_hop or table set)	manual_supp_tables/PRJEB6891.csv
WARN	supp_table	PRJNA514908	wired but study not in the processed cohort yet (no per_sample outcome)	manual_supp_tables/PRJNA514908.csv
OK	supp_table	PRJNA548120	consumed (per_sample_outcomes method=direct/two_hop or table set)	manual_supp_tables/PRJNA548120.csv
WARN	supp_table	PRJNA564424	wired but table won't anchor to our accessions — Phase-2 linkage, not a loss	manual_supp_tables/PRJNA564424.csv
OK	supp_table	PRJNA633565	consumed (per_sample_outcomes method=direct/two_hop or table set)	manual_supp_tables/PRJNA633565.csv
WARN	supp_table	PRJNA684006	wired but table won't anchor to our accessions — Phase-2 linkage, not a loss	manual_supp_tables/PRJNA684006.csv
WARN	supp_table	PRJNA778230	wired but table won't anchor to our accessions — Phase-2 linkage, not a loss	manual_supp_tables/PRJNA778230.csv
OK	projectk_table	PRJDB5929	wired via supp dir (['PRJDB5929'])	ENA_projects/PRJDB5929/data.csv
OK	projectk_table	PRJEB10018	wired via supp dir (['PRJEB10018'])	ENA_projects/PRJEB10018/data.csv
OK	projectk_table	PRJEB1271	wired via supp dir (['PRJEB1271'])	ENA_projects/PRJEB1271/data.csv
OK	projectk_table	PRJEB21605	wired via supp dir (['PRJEB21605'])	ENA_projects/PRJEB21605/data.csv
OK	projectk_table	PRJEB24970	wired via supp dir (['PRJEB24970'])	ENA_projects/PRJEB24970/data.csv
OK	projectk_table	PRJEB27342	wired via supp dir (['PRJEB27342'])	ENA_projects/PRJEB27342/data.csv
OK	projectk_table	PRJEB28400	wired via supp dir (['PRJEB28400'])	ENA_projects/PRJEB28400/data.csv
OK	projectk_table	PRJEB29143	wired via supp dir (['PRJEB29143'])	ENA_projects/PRJEB29143/data.csv
OK	projectk_table	PRJEB29738	wired via supp dir (['PRJEB29738'])	ENA_projects/PRJEB29738/data.csv
OK	projectk_table	PRJEB29740_PRJEB50614	wired via supp dir (['PRJEB29740', 'PRJEB50614'])	ENA_projects/PRJEB29740_PRJEB50614/data.csv
OK	projectk_table	PRJEB39567	wired via supp dir (['PRJEB39567'])	ENA_projects/PRJEB39567/data.csv
OK	projectk_table	PRJEB42462	wired via supp dir (['PRJEB42462'])	ENA_projects/PRJEB42462/data.csv
OK	projectk_table	PRJEB48990	wired via supp dir (['PRJEB48990'])	ENA_projects/PRJEB48990/data.csv
OK	projectk_table	PRJEB58136	wired via supp dir (['PRJEB58136'])	ENA_projects/PRJEB58136/data.csv
OK	projectk_table	PRJEB6891	wired via supp dir (['PRJEB6891'])	ENA_projects/PRJEB6891/data.csv
OK	projectk_table	PRJNA514908	wired via supp dir (['PRJNA514908'])	ENA_projects/PRJNA514908/data.csv
OK	projectk_table	PRJNA548120	wired via supp dir (['PRJNA548120'])	ENA_projects/PRJNA548120/data.csv
OK	projectk_table	PRJNA564424	wired via supp dir (['PRJNA564424'])	ENA_projects/PRJNA564424/data.csv
OK	projectk_table	PRJNA633565	wired via supp dir (['PRJNA633565'])	ENA_projects/PRJNA633565/data.csv
OK	projectk_table	PRJNA684006	wired via supp dir (['PRJNA684006'])	ENA_projects/PRJNA684006/data.csv
OK	projectk_table	PRJNA778230	wired via supp dir (['PRJNA778230'])	ENA_projects/PRJNA778230/data.csv
